price_id,ingredient_id,price_date,variety,grade,price_type,original_unit,original_price,standard_unit_price,market,region,source_name,source_item_code,created_at
1,1,2026-08-18,,상품,WHOLESALE,20kg,54646.0,2.7323,가상도매시장,서울,MOCK-KAMIS,MOCK-ING001,2026-09-16T07:00:00+09:00
2,1,2026-08-19,,상품,WHOLESALE,20kg,54802.0,2.7401,가상도매시장,서울,MOCK-KAMIS,MOCK-ING001,2026-09-16T07:00:00+09:00
3,1,2026-08-20,,상품,WHOLESALE,20kg,54900.0,2.745,가상도매시장,서울,MOCK-KAMIS,MOCK-ING001,2026-09-16T07:00:00+09:00
4,1,2026-08-21,,상품,WHOLESALE,20kg,54930.0,2.7465,가상도매시장,서울,MOCK-KAMIS,MOCK-ING001,2026-09-16T07:00:00+09:00
5,1,2026-08-22,,상품,WHOLESALE,20kg,54888.0,2.7444,가상도매시장,서울,MOCK-KAMIS,MOCK-ING001,2026-09-16T07:00:00+09:00
6,1,2026-08-23,,상품,WHOLESALE,20kg,54778.0,2.7389,가상도매시장,서울,MOCK-KAMIS,MOCK-ING001,2026-09-16T07:00:00+09:00
7,1,2026-08-24,,상품,WHOLESALE,20kg,54610.0,2.7305,가상도매시장,서울,MOCK-KAMIS,MOCK-ING001,2026-09-16T07:00:00+09:00
8,1,2026-08-25,,상품,WHOLESALE,20kg,54396.0,2.7198,가상도매시장,서울,MOCK-KAMIS,MOCK-ING001,2026-09-16T07:00:00+09:00
9,1,2026-08-26,,상품,WHOLESALE,20kg,54158.0,2.7079,가상도매시장,서울,MOCK-KAMIS,MOCK-ING001,2026-09-16T07:00:00+09:00
10,1,2026-08-27,,상품,WHOLESALE,20kg,53914.0,2.6957,가상도매시장,서울,MOCK-KAMIS,MOCK-ING001,2026-09-16T07:00:00+09:00
11,1,2026-08-28,,상품,WHOLESALE,20kg,53688.0,2.6844,가상도매시장,서울,MOCK-KAMIS,MOCK-ING001,2026-09-16T07:00:00+09:00
12,1,2026-08-29,,상품,WHOLESALE,20kg,53500.0,2.675,가상도매시장,서울,MOCK-KAMIS,MOCK-ING001,2026-09-16T07:00:00+09:00
13,1,2026-08-30,,상품,WHOLESALE,20kg,53366.0,2.6683,가상도매시장,서울,MOCK-KAMIS,MOCK-ING001,2026-09-16T07:00:00+09:00
14,1,2026-08-31,,상품,WHOLESALE,20kg,53300.0,2.665,가상도매시장,서울,MOCK-KAMIS,MOCK-ING001,2026-09-16T07:00:00+09:00
15,1,2026-09-01,,상품,WHOLESALE,20kg,53308.0,2.6654,가상도매시장,서울,MOCK-KAMIS,MOCK-ING001,2026-09-16T07:00:00+09:00
16,1,2026-09-02,,상품,WHOLESALE,20kg,53388.0,2.6694,가상도매시장,서울,MOCK-KAMIS,MOCK-ING001,2026-09-16T07:00:00+09:00
17,1,2026-09-03,,상품,WHOLESALE,20kg,53538.0,2.6769,가상도매시장,서울,MOCK-KAMIS,MOCK-ING001,2026-09-16T07:00:00+09:00
18,1,2026-09-04,,상품,WHOLESALE,20kg,53740.0,2.687,가상도매시장,서울,MOCK-KAMIS,MOCK-ING001,2026-09-16T07:00:00+09:00
19,1,2026-09-05,,상품,WHOLESALE,20kg,53982.0,2.6991,가상도매시장,서울,MOCK-KAMIS,MOCK-ING001,2026-09-16T07:00:00+09:00
20,1,2026-09-06,,상품,WHOLESALE,20kg,54244.0,2.7122,가상도매시장,서울,MOCK-KAMIS,MOCK-ING001,2026-09-16T07:00:00+09:00
21,1,2026-09-07,,상품,WHOLESALE,20kg,54500.0,2.725,가상도매시장,서울,MOCK-KAMIS,MOCK-ING001,2026-09-16T07:00:00+09:00
22,1,2026-09-08,,상품,WHOLESALE,20kg,54734.0,2.7367,가상도매시장,서울,MOCK-KAMIS,MOCK-ING001,2026-09-16T07:00:00+09:00
23,1,2026-09-09,,상품,WHOLESALE,20kg,54928.0,2.7464,가상도매시장,서울,MOCK-KAMIS,MOCK-ING001,2026-09-16T07:00:00+09:00
24,1,2026-09-10,,상품,WHOLESALE,20kg,55068.0,2.7534,가상도매시장,서울,MOCK-KAMIS,MOCK-ING001,2026-09-16T07:00:00+09:00
25,1,2026-09-11,,상품,WHOLESALE,20kg,55146.0,2.7573,가상도매시장,서울,MOCK-KAMIS,MOCK-ING001,2026-09-16T07:00:00+09:00
26,1,2026-09-12,,상품,WHOLESALE,20kg,55160.0,2.758,가상도매시장,서울,MOCK-KAMIS,MOCK-ING001,2026-09-16T07:00:00+09:00
27,1,2026-09-13,,상품,WHOLESALE,20kg,55112.0,2.7556,가상도매시장,서울,MOCK-KAMIS,MOCK-ING001,2026-09-16T07:00:00+09:00
28,1,2026-09-14,,상품,WHOLESALE,20kg,55016.0,2.7508,가상도매시장,서울,MOCK-KAMIS,MOCK-ING001,2026-09-16T07:00:00+09:00
29,1,2026-09-15,,상품,WHOLESALE,20kg,54882.0,2.7441,가상도매시장,서울,MOCK-KAMIS,MOCK-ING001,2026-09-16T07:00:00+09:00
30,1,2026-09-16,,상품,WHOLESALE,20kg,54730.0,2.7365,가상도매시장,서울,MOCK-KAMIS,MOCK-ING001,2026-09-16T07:00:00+09:00
31,2,2026-08-18,,상품,WHOLESALE,10kg,39625.0,3.9625,가상도매시장,서울,MOCK-KAMIS,MOCK-ING002,2026-09-16T07:00:00+09:00
32,2,2026-08-19,,상품,WHOLESALE,10kg,39681.0,3.9681,가상도매시장,서울,MOCK-KAMIS,MOCK-ING002,2026-09-16T07:00:00+09:00
33,2,2026-08-20,,상품,WHOLESALE,10kg,39684.0,3.9684,가상도매시장,서울,MOCK-KAMIS,MOCK-ING002,2026-09-16T07:00:00+09:00
34,2,2026-08-21,,상품,WHOLESALE,10kg,39637.0,3.9637,가상도매시장,서울,MOCK-KAMIS,MOCK-ING002,2026-09-16T07:00:00+09:00
35,2,2026-08-22,,상품,WHOLESALE,10kg,39543.0,3.9543,가상도매시장,서울,MOCK-KAMIS,MOCK-ING002,2026-09-16T07:00:00+09:00
36,2,2026-08-23,,상품,WHOLESALE,10kg,39412.0,3.9412,가상도매시장,서울,MOCK-KAMIS,MOCK-ING002,2026-09-16T07:00:00+09:00
37,2,2026-08-24,,상품,WHOLESALE,10kg,39257.0,3.9257,가상도매시장,서울,MOCK-KAMIS,MOCK-ING002,2026-09-16T07:00:00+09:00
38,2,2026-08-25,,상품,WHOLESALE,10kg,39093.0,3.9093,가상도매시장,서울,MOCK-KAMIS,MOCK-ING002,2026-09-16T07:00:00+09:00
39,2,2026-08-26,,상품,WHOLESALE,10kg,38935.0,3.8935,가상도매시장,서울,MOCK-KAMIS,MOCK-ING002,2026-09-16T07:00:00+09:00
40,2,2026-08-27,,상품,WHOLESALE,10kg,38799.0,3.8799,가상도매시장,서울,MOCK-KAMIS,MOCK-ING002,2026-09-16T07:00:00+09:00
41,2,2026-08-28,,상품,WHOLESALE,10kg,38699.0,3.8699,가상도매시장,서울,MOCK-KAMIS,MOCK-ING002,2026-09-16T07:00:00+09:00
42,2,2026-08-29,,상품,WHOLESALE,10kg,38644.0,3.8644,가상도매시장,서울,MOCK-KAMIS,MOCK-ING002,2026-09-16T07:00:00+09:00
43,2,2026-08-30,,상품,WHOLESALE,10kg,38641.0,3.8641,가상도매시장,서울,MOCK-KAMIS,MOCK-ING002,2026-09-16T07:00:00+09:00
44,2,2026-08-31,,상품,WHOLESALE,10kg,38692.0,3.8692,가상도매시장,서울,MOCK-KAMIS,MOCK-ING002,2026-09-16T07:00:00+09:00
45,2,2026-09-01,,상품,WHOLESALE,10kg,38792.0,3.8792,가상도매시장,서울,MOCK-KAMIS,MOCK-ING002,2026-09-16T07:00:00+09:00
46,2,2026-09-02,,상품,WHOLESALE,10kg,38936.0,3.8936,가상도매시장,서울,MOCK-KAMIS,MOCK-ING002,2026-09-16T07:00:00+09:00
47,2,2026-09-03,,상품,WHOLESALE,10kg,39111.0,3.9111,가상도매시장,서울,MOCK-KAMIS,MOCK-ING002,2026-09-16T07:00:00+09:00
48,2,2026-09-04,,상품,WHOLESALE,10kg,39305.0,3.9305,가상도매시장,서울,MOCK-KAMIS,MOCK-ING002,2026-09-16T07:00:00+09:00
49,2,2026-09-05,,상품,WHOLESALE,10kg,39502.0,3.9502,가상도매시장,서울,MOCK-KAMIS,MOCK-ING002,2026-09-16T07:00:00+09:00
50,2,2026-09-06,,상품,WHOLESALE,10kg,39687.0,3.9687,가상도매시장,서울,MOCK-KAMIS,MOCK-ING002,2026-09-16T07:00:00+09:00
51,2,2026-09-07,,상품,WHOLESALE,10kg,39848.0,3.9848,가상도매시장,서울,MOCK-KAMIS,MOCK-ING002,2026-09-16T07:00:00+09:00
52,2,2026-09-08,,상품,WHOLESALE,10kg,39974.0,3.9974,가상도매시장,서울,MOCK-KAMIS,MOCK-ING002,2026-09-16T07:00:00+09:00
53,2,2026-09-09,,상품,WHOLESALE,10kg,40057.0,4.0057,가상도매시장,서울,MOCK-KAMIS,MOCK-ING002,2026-09-16T07:00:00+09:00
54,2,2026-09-10,,상품,WHOLESALE,10kg,40094.0,4.0094,가상도매시장,서울,MOCK-KAMIS,MOCK-ING002,2026-09-16T07:00:00+09:00
55,2,2026-09-11,,상품,WHOLESALE,10kg,40089.0,4.0089,가상도매시장,서울,MOCK-KAMIS,MOCK-ING002,2026-09-16T07:00:00+09:00
56,2,2026-09-12,,상품,WHOLESALE,10kg,40046.0,4.0046,가상도매시장,서울,MOCK-KAMIS,MOCK-ING002,2026-09-16T07:00:00+09:00
57,2,2026-09-13,,상품,WHOLESALE,10kg,39974.0,3.9974,가상도매시장,서울,MOCK-KAMIS,MOCK-ING002,2026-09-16T07:00:00+09:00
58,2,2026-09-14,,상품,WHOLESALE,10kg,39885.0,3.9885,가상도매시장,서울,MOCK-KAMIS,MOCK-ING002,2026-09-16T07:00:00+09:00
59,2,2026-09-15,,상품,WHOLESALE,10kg,39792.0,3.9792,가상도매시장,서울,MOCK-KAMIS,MOCK-ING002,2026-09-16T07:00:00+09:00
60,2,2026-09-16,,상품,WHOLESALE,10kg,39708.0,3.9708,가상도매시장,서울,MOCK-KAMIS,MOCK-ING002,2026-09-16T07:00:00+09:00
61,3,2026-08-18,,상품,WHOLESALE,1kg,10678.0,10.6784,축산유통센터,경기,MOCK-LIVESTOCK,MOCK-ING003,2026-09-16T07:00:00+09:00
62,3,2026-08-19,,상품,WHOLESALE,1kg,10707.0,10.707,축산유통센터,경기,MOCK-LIVESTOCK,MOCK-ING003,2026-09-16T07:00:00+09:00
63,3,2026-08-20,,상품,WHOLESALE,1kg,10722.0,10.7224,축산유통센터,경기,MOCK-LIVESTOCK,MOCK-ING003,2026-09-16T07:00:00+09:00
64,3,2026-08-21,,상품,WHOLESALE,1kg,10727.0,10.7268,축산유통센터,경기,MOCK-LIVESTOCK,MOCK-ING003,2026-09-16T07:00:00+09:00
65,3,2026-08-22,,상품,WHOLESALE,1kg,10723.0,10.7232,축산유통센터,경기,MOCK-LIVESTOCK,MOCK-ING003,2026-09-16T07:00:00+09:00
66,3,2026-08-23,,상품,WHOLESALE,1kg,10716.0,10.7155,축산유통센터,경기,MOCK-LIVESTOCK,MOCK-ING003,2026-09-16T07:00:00+09:00
67,3,2026-08-24,,상품,WHOLESALE,1kg,10708.0,10.7081,축산유통센터,경기,MOCK-LIVESTOCK,MOCK-ING003,2026-09-16T07:00:00+09:00
68,3,2026-08-25,,상품,WHOLESALE,1kg,10705.0,10.705,축산유통센터,경기,MOCK-LIVESTOCK,MOCK-ING003,2026-09-16T07:00:00+09:00
69,3,2026-08-26,,상품,WHOLESALE,1kg,10710.0,10.7101,축산유통센터,경기,MOCK-LIVESTOCK,MOCK-ING003,2026-09-16T07:00:00+09:00
70,3,2026-08-27,,상품,WHOLESALE,1kg,10726.0,10.7265,축산유통센터,경기,MOCK-LIVESTOCK,MOCK-ING003,2026-09-16T07:00:00+09:00
71,3,2026-08-28,,상품,WHOLESALE,1kg,10756.0,10.7562,축산유통센터,경기,MOCK-LIVESTOCK,MOCK-ING003,2026-09-16T07:00:00+09:00
72,3,2026-08-29,,상품,WHOLESALE,1kg,10800.0,10.8002,축산유통센터,경기,MOCK-LIVESTOCK,MOCK-ING003,2026-09-16T07:00:00+09:00
73,3,2026-08-30,,상품,WHOLESALE,1kg,10858.0,10.8579,축산유통센터,경기,MOCK-LIVESTOCK,MOCK-ING003,2026-09-16T07:00:00+09:00
74,3,2026-08-31,,상품,WHOLESALE,1kg,10928.0,10.9279,축산유통센터,경기,MOCK-LIVESTOCK,MOCK-ING003,2026-09-16T07:00:00+09:00
75,3,2026-09-01,,상품,WHOLESALE,1kg,11008.0,11.0075,축산유통센터,경기,MOCK-LIVESTOCK,MOCK-ING003,2026-09-16T07:00:00+09:00
76,3,2026-09-02,,상품,WHOLESALE,1kg,11093.0,11.0932,축산유통센터,경기,MOCK-LIVESTOCK,MOCK-ING003,2026-09-16T07:00:00+09:00
77,3,2026-09-03,,상품,WHOLESALE,1kg,11181.0,11.1811,축산유통센터,경기,MOCK-LIVESTOCK,MOCK-ING003,2026-09-16T07:00:00+09:00
78,3,2026-09-04,,상품,WHOLESALE,1kg,11267.0,11.2674,축산유통센터,경기,MOCK-LIVESTOCK,MOCK-ING003,2026-09-16T07:00:00+09:00
79,3,2026-09-05,,상품,WHOLESALE,1kg,11348.0,11.3482,축산유통센터,경기,MOCK-LIVESTOCK,MOCK-ING003,2026-09-16T07:00:00+09:00
80,3,2026-09-06,,상품,WHOLESALE,1kg,11421.0,11.4206,축산유통센터,경기,MOCK-LIVESTOCK,MOCK-ING003,2026-09-16T07:00:00+09:00
81,3,2026-09-07,,상품,WHOLESALE,1kg,11482.0,11.4823,축산유통센터,경기,MOCK-LIVESTOCK,MOCK-ING003,2026-09-16T07:00:00+09:00
82,3,2026-09-08,,상품,WHOLESALE,1kg,11532.0,11.5323,축산유통센터,경기,MOCK-LIVESTOCK,MOCK-ING003,2026-09-16T07:00:00+09:00
83,3,2026-09-09,,상품,WHOLESALE,1kg,11571.0,11.5707,축산유통센터,경기,MOCK-LIVESTOCK,MOCK-ING003,2026-09-16T07:00:00+09:00
84,3,2026-09-10,,상품,WHOLESALE,1kg,11599.0,11.5986,축산유통센터,경기,MOCK-LIVESTOCK,MOCK-ING003,2026-09-16T07:00:00+09:00
85,3,2026-09-11,,상품,WHOLESALE,1kg,11618.0,11.6183,축산유통센터,경기,MOCK-LIVESTOCK,MOCK-ING003,2026-09-16T07:00:00+09:00
86,3,2026-09-12,,상품,WHOLESALE,1kg,11633.0,11.6327,축산유통센터,경기,MOCK-LIVESTOCK,MOCK-ING003,2026-09-16T07:00:00+09:00
87,3,2026-09-13,,상품,WHOLESALE,1kg,11645.0,11.6453,축산유통센터,경기,MOCK-LIVESTOCK,MOCK-ING003,2026-09-16T07:00:00+09:00
88,3,2026-09-14,,상품,WHOLESALE,1kg,11659.0,11.6593,축산유통센터,경기,MOCK-LIVESTOCK,MOCK-ING003,2026-09-16T07:00:00+09:00
89,3,2026-09-15,,상품,WHOLESALE,1kg,11678.0,11.6781,축산유통센터,경기,MOCK-LIVESTOCK,MOCK-ING003,2026-09-16T07:00:00+09:00
90,3,2026-09-16,,상품,WHOLESALE,1kg,11704.0,11.7042,축산유통센터,경기,MOCK-LIVESTOCK,MOCK-ING003,2026-09-16T07:00:00+09:00
91,4,2026-08-18,,상품,WHOLESALE,1kg,6492.0,6.4925,축산유통센터,경기,MOCK-LIVESTOCK,MOCK-ING004,2026-09-16T07:00:00+09:00
92,4,2026-08-19,,상품,WHOLESALE,1kg,6467.0,6.4667,축산유통센터,경기,MOCK-LIVESTOCK,MOCK-ING004,2026-09-16T07:00:00+09:00
93,4,2026-08-20,,상품,WHOLESALE,1kg,6435.0,6.4352,축산유통센터,경기,MOCK-LIVESTOCK,MOCK-ING004,2026-09-16T07:00:00+09:00
94,4,2026-08-21,,상품,WHOLESALE,1kg,6400.0,6.4004,축산유통센터,경기,MOCK-LIVESTOCK,MOCK-ING004,2026-09-16T07:00:00+09:00
95,4,2026-08-22,,상품,WHOLESALE,1kg,6365.0,6.3647,축산유통센터,경기,MOCK-LIVESTOCK,MOCK-ING004,2026-09-16T07:00:00+09:00
96,4,2026-08-23,,상품,WHOLESALE,1kg,6331.0,6.3307,축산유통센터,경기,MOCK-LIVESTOCK,MOCK-ING004,2026-09-16T07:00:00+09:00
97,4,2026-08-24,,상품,WHOLESALE,1kg,6301.0,6.3008,축산유통센터,경기,MOCK-LIVESTOCK,MOCK-ING004,2026-09-16T07:00:00+09:00
98,4,2026-08-25,,상품,WHOLESALE,1kg,6277.0,6.2771,축산유통센터,경기,MOCK-LIVESTOCK,MOCK-ING004,2026-09-16T07:00:00+09:00
99,4,2026-08-26,,상품,WHOLESALE,1kg,6261.0,6.2611,축산유통센터,경기,MOCK-LIVESTOCK,MOCK-ING004,2026-09-16T07:00:00+09:00
100,4,2026-08-27,,상품,WHOLESALE,1kg,6254.0,6.2536,축산유통센터,경기,MOCK-LIVESTOCK,MOCK-ING004,2026-09-16T07:00:00+09:00
101,4,2026-08-28,,상품,WHOLESALE,1kg,6254.0,6.2545,축산유통센터,경기,MOCK-LIVESTOCK,MOCK-ING004,2026-09-16T07:00:00+09:00
102,4,2026-08-29,,상품,WHOLESALE,1kg,6263.0,6.2631,축산유통센터,경기,MOCK-LIVESTOCK,MOCK-ING004,2026-09-16T07:00:00+09:00
103,4,2026-08-30,,상품,WHOLESALE,1kg,6278.0,6.2781,축산유통센터,경기,MOCK-LIVESTOCK,MOCK-ING004,2026-09-16T07:00:00+09:00
104,4,2026-08-31,,상품,WHOLESALE,1kg,6298.0,6.2976,축산유통센터,경기,MOCK-LIVESTOCK,MOCK-ING004,2026-09-16T07:00:00+09:00
105,4,2026-09-01,,상품,WHOLESALE,1kg,6319.0,6.3192,축산유통센터,경기,MOCK-LIVESTOCK,MOCK-ING004,2026-09-16T07:00:00+09:00
106,4,2026-09-02,,상품,WHOLESALE,1kg,6340.0,6.3405,축산유통센터,경기,MOCK-LIVESTOCK,MOCK-ING004,2026-09-16T07:00:00+09:00
107,4,2026-09-03,,상품,WHOLESALE,1kg,6359.0,6.3594,축산유통센터,경기,MOCK-LIVESTOCK,MOCK-ING004,2026-09-16T07:00:00+09:00
108,4,2026-09-04,,상품,WHOLESALE,1kg,6374.0,6.3737,축산유통센터,경기,MOCK-LIVESTOCK,MOCK-ING004,2026-09-16T07:00:00+09:00
109,4,2026-09-05,,상품,WHOLESALE,1kg,6382.0,6.382,축산유통센터,경기,MOCK-LIVESTOCK,MOCK-ING004,2026-09-16T07:00:00+09:00
110,4,2026-09-06,,상품,WHOLESALE,1kg,6384.0,6.3835,축산유통센터,경기,MOCK-LIVESTOCK,MOCK-ING004,2026-09-16T07:00:00+09:00
111,4,2026-09-07,,상품,WHOLESALE,1kg,6378.0,6.3781,축산유통센터,경기,MOCK-LIVESTOCK,MOCK-ING004,2026-09-16T07:00:00+09:00
112,4,2026-09-08,,상품,WHOLESALE,1kg,6366.0,6.3662,축산유통센터,경기,MOCK-LIVESTOCK,MOCK-ING004,2026-09-16T07:00:00+09:00
113,4,2026-09-09,,상품,WHOLESALE,1kg,6349.0,6.349,축산유통센터,경기,MOCK-LIVESTOCK,MOCK-ING004,2026-09-16T07:00:00+09:00
114,4,2026-09-10,,상품,WHOLESALE,1kg,6328.0,6.3282,축산유통센터,경기,MOCK-LIVESTOCK,MOCK-ING004,2026-09-16T07:00:00+09:00
115,4,2026-09-11,,상품,WHOLESALE,1kg,6306.0,6.3057,축산유통센터,경기,MOCK-LIVESTOCK,MOCK-ING004,2026-09-16T07:00:00+09:00
116,4,2026-09-12,,상품,WHOLESALE,1kg,6284.0,6.2837,축산유통센터,경기,MOCK-LIVESTOCK,MOCK-ING004,2026-09-16T07:00:00+09:00
117,4,2026-09-13,,상품,WHOLESALE,1kg,6264.0,6.2642,축산유통센터,경기,MOCK-LIVESTOCK,MOCK-ING004,2026-09-16T07:00:00+09:00
118,4,2026-09-14,,상품,WHOLESALE,1kg,6249.0,6.2487,축산유통센터,경기,MOCK-LIVESTOCK,MOCK-ING004,2026-09-16T07:00:00+09:00
119,4,2026-09-15,,상품,WHOLESALE,1kg,6239.0,6.2386,축산유통센터,경기,MOCK-LIVESTOCK,MOCK-ING004,2026-09-16T07:00:00+09:00
120,4,2026-09-16,,상품,WHOLESALE,1kg,6234.0,6.2343,축산유통센터,경기,MOCK-LIVESTOCK,MOCK-ING004,2026-09-16T07:00:00+09:00
121,5,2026-08-18,,상품,WHOLESALE,1kg,28250.0,28.2503,축산유통센터,경기,MOCK-LIVESTOCK,MOCK-ING005,2026-09-16T07:00:00+09:00
122,5,2026-08-19,,상품,WHOLESALE,1kg,28151.0,28.1513,축산유통센터,경기,MOCK-LIVESTOCK,MOCK-ING005,2026-09-16T07:00:00+09:00
123,5,2026-08-20,,상품,WHOLESALE,1kg,28044.0,28.0442,축산유통센터,경기,MOCK-LIVESTOCK,MOCK-ING005,2026-09-16T07:00:00+09:00
124,5,2026-08-21,,상품,WHOLESALE,1kg,27940.0,27.9405,축산유통센터,경기,MOCK-LIVESTOCK,MOCK-ING005,2026-09-16T07:00:00+09:00
125,5,2026-08-22,,상품,WHOLESALE,1kg,27851.0,27.8509,축산유통센터,경기,MOCK-LIVESTOCK,MOCK-ING005,2026-09-16T07:00:00+09:00
126,5,2026-08-23,,상품,WHOLESALE,1kg,27785.0,27.7851,축산유통센터,경기,MOCK-LIVESTOCK,MOCK-ING005,2026-09-16T07:00:00+09:00
127,5,2026-08-24,,상품,WHOLESALE,1kg,27750.0,27.7504,축산유통센터,경기,MOCK-LIVESTOCK,MOCK-ING005,2026-09-16T07:00:00+09:00
128,5,2026-08-25,,상품,WHOLESALE,1kg,27751.0,27.7512,축산유통센터,경기,MOCK-LIVESTOCK,MOCK-ING005,2026-09-16T07:00:00+09:00
129,5,2026-08-26,,상품,WHOLESALE,1kg,27789.0,27.7889,축산유통센터,경기,MOCK-LIVESTOCK,MOCK-ING005,2026-09-16T07:00:00+09:00
130,5,2026-08-27,,상품,WHOLESALE,1kg,27861.0,27.8613,축산유통센터,경기,MOCK-LIVESTOCK,MOCK-ING005,2026-09-16T07:00:00+09:00
131,5,2026-08-28,,상품,WHOLESALE,1kg,27963.0,27.9634,축산유통센터,경기,MOCK-LIVESTOCK,MOCK-ING005,2026-09-16T07:00:00+09:00
132,5,2026-08-29,,상품,WHOLESALE,1kg,28087.0,28.0874,축산유통센터,경기,MOCK-LIVESTOCK,MOCK-ING005,2026-09-16T07:00:00+09:00
133,5,2026-08-30,,상품,WHOLESALE,1kg,28224.0,28.2239,축산유통센터,경기,MOCK-LIVESTOCK,MOCK-ING005,2026-09-16T07:00:00+09:00
134,5,2026-08-31,,상품,WHOLESALE,1kg,28363.0,28.3628,축산유통센터,경기,MOCK-LIVESTOCK,MOCK-ING005,2026-09-16T07:00:00+09:00
135,5,2026-09-01,,상품,WHOLESALE,1kg,28494.0,28.4939,축산유통센터,경기,MOCK-LIVESTOCK,MOCK-ING005,2026-09-16T07:00:00+09:00
136,5,2026-09-02,,상품,WHOLESALE,1kg,28608.0,28.6083,축산유통센터,경기,MOCK-LIVESTOCK,MOCK-ING005,2026-09-16T07:00:00+09:00
137,5,2026-09-03,,상품,WHOLESALE,1kg,28699.0,28.6988,축산유통센터,경기,MOCK-LIVESTOCK,MOCK-ING005,2026-09-16T07:00:00+09:00
138,5,2026-09-04,,상품,WHOLESALE,1kg,28761.0,28.761,축산유통센터,경기,MOCK-LIVESTOCK,MOCK-ING005,2026-09-16T07:00:00+09:00
139,5,2026-09-05,,상품,WHOLESALE,1kg,28793.0,28.7934,축산유통센터,경기,MOCK-LIVESTOCK,MOCK-ING005,2026-09-16T07:00:00+09:00
140,5,2026-09-06,,상품,WHOLESALE,1kg,28797.0,28.7974,축산유통센터,경기,MOCK-LIVESTOCK,MOCK-ING005,2026-09-16T07:00:00+09:00
141,5,2026-09-07,,상품,WHOLESALE,1kg,28778.0,28.7775,축산유통센터,경기,MOCK-LIVESTOCK,MOCK-ING005,2026-09-16T07:00:00+09:00
142,5,2026-09-08,,상품,WHOLESALE,1kg,28740.0,28.7402,축산유통센터,경기,MOCK-LIVESTOCK,MOCK-ING005,2026-09-16T07:00:00+09:00
143,5,2026-09-09,,상품,WHOLESALE,1kg,28694.0,28.6938,축산유통센터,경기,MOCK-LIVESTOCK,MOCK-ING005,2026-09-16T07:00:00+09:00
144,5,2026-09-10,,상품,WHOLESALE,1kg,28647.0,28.6474,축산유통센터,경기,MOCK-LIVESTOCK,MOCK-ING005,2026-09-16T07:00:00+09:00
145,5,2026-09-11,,상품,WHOLESALE,1kg,28610.0,28.6097,축산유통센터,경기,MOCK-LIVESTOCK,MOCK-ING005,2026-09-16T07:00:00+09:00
146,5,2026-09-12,,상품,WHOLESALE,1kg,28588.0,28.5884,축산유통센터,경기,MOCK-LIVESTOCK,MOCK-ING005,2026-09-16T07:00:00+09:00
147,5,2026-09-13,,상품,WHOLESALE,1kg,28589.0,28.5893,축산유통센터,경기,MOCK-LIVESTOCK,MOCK-ING005,2026-09-16T07:00:00+09:00
148,5,2026-09-14,,상품,WHOLESALE,1kg,28616.0,28.6157,축산유통센터,경기,MOCK-LIVESTOCK,MOCK-ING005,2026-09-16T07:00:00+09:00
149,5,2026-09-15,,상품,WHOLESALE,1kg,28668.0,28.668,축산유통센터,경기,MOCK-LIVESTOCK,MOCK-ING005,2026-09-16T07:00:00+09:00
150,5,2026-09-16,,상품,WHOLESALE,1kg,28744.0,28.7439,축산유통센터,경기,MOCK-LIVESTOCK,MOCK-ING005,2026-09-16T07:00:00+09:00
151,6,2026-08-18,,상품,WHOLESALE,1kg,8815.0,8.8154,수산도매시장,인천,MOCK-FISHERY,MOCK-ING006,2026-09-16T07:00:00+09:00
152,6,2026-08-19,,상품,WHOLESALE,1kg,8776.0,8.7764,수산도매시장,인천,MOCK-FISHERY,MOCK-ING006,2026-09-16T07:00:00+09:00
153,6,2026-08-20,,상품,WHOLESALE,1kg,8740.0,8.7405,수산도매시장,인천,MOCK-FISHERY,MOCK-ING006,2026-09-16T07:00:00+09:00
154,6,2026-08-21,,상품,WHOLESALE,1kg,8711.0,8.711,수산도매시장,인천,MOCK-FISHERY,MOCK-ING006,2026-09-16T07:00:00+09:00
155,6,2026-08-22,,상품,WHOLESALE,1kg,8690.0,8.6904,수산도매시장,인천,MOCK-FISHERY,MOCK-ING006,2026-09-16T07:00:00+09:00
156,6,2026-08-23,,상품,WHOLESALE,1kg,8680.0,8.6804,수산도매시장,인천,MOCK-FISHERY,MOCK-ING006,2026-09-16T07:00:00+09:00
157,6,2026-08-24,,상품,WHOLESALE,1kg,8682.0,8.6818,수산도매시장,인천,MOCK-FISHERY,MOCK-ING006,2026-09-16T07:00:00+09:00
158,6,2026-08-25,,상품,WHOLESALE,1kg,8694.0,8.6942,수산도매시장,인천,MOCK-FISHERY,MOCK-ING006,2026-09-16T07:00:00+09:00
159,6,2026-08-26,,상품,WHOLESALE,1kg,8716.0,8.7163,수산도매시장,인천,MOCK-FISHERY,MOCK-ING006,2026-09-16T07:00:00+09:00
160,6,2026-08-27,,상품,WHOLESALE,1kg,8746.0,8.7461,수산도매시장,인천,MOCK-FISHERY,MOCK-ING006,2026-09-16T07:00:00+09:00
161,6,2026-08-28,,상품,WHOLESALE,1kg,8781.0,8.7806,수산도매시장,인천,MOCK-FISHERY,MOCK-ING006,2026-09-16T07:00:00+09:00
162,6,2026-08-29,,상품,WHOLESALE,1kg,8817.0,8.8169,수산도매시장,인천,MOCK-FISHERY,MOCK-ING006,2026-09-16T07:00:00+09:00
163,6,2026-08-30,,상품,WHOLESALE,1kg,8852.0,8.8518,수산도매시장,인천,MOCK-FISHERY,MOCK-ING006,2026-09-16T07:00:00+09:00
164,6,2026-08-31,,상품,WHOLESALE,1kg,8882.0,8.8823,수산도매시장,인천,MOCK-FISHERY,MOCK-ING006,2026-09-16T07:00:00+09:00
165,6,2026-09-01,,상품,WHOLESALE,1kg,8906.0,8.9061,수산도매시장,인천,MOCK-FISHERY,MOCK-ING006,2026-09-16T07:00:00+09:00
166,6,2026-09-02,,상품,WHOLESALE,1kg,8922.0,8.9215,수산도매시장,인천,MOCK-FISHERY,MOCK-ING006,2026-09-16T07:00:00+09:00
167,6,2026-09-03,,상품,WHOLESALE,1kg,8928.0,8.9278,수산도매시장,인천,MOCK-FISHERY,MOCK-ING006,2026-09-16T07:00:00+09:00
168,6,2026-09-04,,상품,WHOLESALE,1kg,8925.0,8.9253,수산도매시장,인천,MOCK-FISHERY,MOCK-ING006,2026-09-16T07:00:00+09:00
169,6,2026-09-05,,상품,WHOLESALE,1kg,8915.0,8.915,수산도매시장,인천,MOCK-FISHERY,MOCK-ING006,2026-09-16T07:00:00+09:00
170,6,2026-09-06,,상품,WHOLESALE,1kg,8899.0,8.8988,수산도매시장,인천,MOCK-FISHERY,MOCK-ING006,2026-09-16T07:00:00+09:00
171,6,2026-09-07,,상품,WHOLESALE,1kg,8879.0,8.8792,수산도매시장,인천,MOCK-FISHERY,MOCK-ING006,2026-09-16T07:00:00+09:00
172,6,2026-09-08,,상품,WHOLESALE,1kg,8859.0,8.859,수산도매시장,인천,MOCK-FISHERY,MOCK-ING006,2026-09-16T07:00:00+09:00
173,6,2026-09-09,,상품,WHOLESALE,1kg,8841.0,8.8409,수산도매시장,인천,MOCK-FISHERY,MOCK-ING006,2026-09-16T07:00:00+09:00
174,6,2026-09-10,,상품,WHOLESALE,1kg,8828.0,8.8276,수산도매시장,인천,MOCK-FISHERY,MOCK-ING006,2026-09-16T07:00:00+09:00
175,6,2026-09-11,,상품,WHOLESALE,1kg,8821.0,8.8208,수산도매시장,인천,MOCK-FISHERY,MOCK-ING006,2026-09-16T07:00:00+09:00
176,6,2026-09-12,,상품,WHOLESALE,1kg,8822.0,8.822,수산도매시장,인천,MOCK-FISHERY,MOCK-ING006,2026-09-16T07:00:00+09:00
177,6,2026-09-13,,상품,WHOLESALE,1kg,8831.0,8.8314,수산도매시장,인천,MOCK-FISHERY,MOCK-ING006,2026-09-16T07:00:00+09:00
178,6,2026-09-14,,상품,WHOLESALE,1kg,8848.0,8.8484,수산도매시장,인천,MOCK-FISHERY,MOCK-ING006,2026-09-16T07:00:00+09:00
179,6,2026-09-15,,상품,WHOLESALE,1kg,8872.0,8.8718,수산도매시장,인천,MOCK-FISHERY,MOCK-ING006,2026-09-16T07:00:00+09:00
180,6,2026-09-16,,상품,WHOLESALE,1kg,8899.0,8.8993,수산도매시장,인천,MOCK-FISHERY,MOCK-ING006,2026-09-16T07:00:00+09:00
181,7,2026-08-18,,상품,WHOLESALE,1kg,12433.0,12.4329,수산도매시장,인천,MOCK-FISHERY,MOCK-ING007,2026-09-16T07:00:00+09:00
182,7,2026-08-19,,상품,WHOLESALE,1kg,12392.0,12.3923,수산도매시장,인천,MOCK-FISHERY,MOCK-ING007,2026-09-16T07:00:00+09:00
183,7,2026-08-20,,상품,WHOLESALE,1kg,12363.0,12.3629,수산도매시장,인천,MOCK-FISHERY,MOCK-ING007,2026-09-16T07:00:00+09:00
184,7,2026-08-21,,상품,WHOLESALE,1kg,12348.0,12.3476,수산도매시장,인천,MOCK-FISHERY,MOCK-ING007,2026-09-16T07:00:00+09:00
185,7,2026-08-22,,상품,WHOLESALE,1kg,12348.0,12.3479,수산도매시장,인천,MOCK-FISHERY,MOCK-ING007,2026-09-16T07:00:00+09:00
186,7,2026-08-23,,상품,WHOLESALE,1kg,12364.0,12.3639,수산도매시장,인천,MOCK-FISHERY,MOCK-ING007,2026-09-16T07:00:00+09:00
187,7,2026-08-24,,상품,WHOLESALE,1kg,12394.0,12.3941,수산도매시장,인천,MOCK-FISHERY,MOCK-ING007,2026-09-16T07:00:00+09:00
188,7,2026-08-25,,상품,WHOLESALE,1kg,12436.0,12.436,수산도매시장,인천,MOCK-FISHERY,MOCK-ING007,2026-09-16T07:00:00+09:00
189,7,2026-08-26,,상품,WHOLESALE,1kg,12486.0,12.4858,수산도매시장,인천,MOCK-FISHERY,MOCK-ING007,2026-09-16T07:00:00+09:00
190,7,2026-08-27,,상품,WHOLESALE,1kg,12539.0,12.5394,수산도매시장,인천,MOCK-FISHERY,MOCK-ING007,2026-09-16T07:00:00+09:00
191,7,2026-08-28,,상품,WHOLESALE,1kg,12592.0,12.5923,수산도매시장,인천,MOCK-FISHERY,MOCK-ING007,2026-09-16T07:00:00+09:00
192,7,2026-08-29,,상품,WHOLESALE,1kg,12640.0,12.6403,수산도매시장,인천,MOCK-FISHERY,MOCK-ING007,2026-09-16T07:00:00+09:00
193,7,2026-08-30,,상품,WHOLESALE,1kg,12680.0,12.6799,수산도매시장,인천,MOCK-FISHERY,MOCK-ING007,2026-09-16T07:00:00+09:00
194,7,2026-08-31,,상품,WHOLESALE,1kg,12708.0,12.7084,수산도매시장,인천,MOCK-FISHERY,MOCK-ING007,2026-09-16T07:00:00+09:00
195,7,2026-09-01,,상품,WHOLESALE,1kg,12724.0,12.7244,수산도매시장,인천,MOCK-FISHERY,MOCK-ING007,2026-09-16T07:00:00+09:00
196,7,2026-09-02,,상품,WHOLESALE,1kg,12728.0,12.7279,수산도매시장,인천,MOCK-FISHERY,MOCK-ING007,2026-09-16T07:00:00+09:00
197,7,2026-09-03,,상품,WHOLESALE,1kg,12720.0,12.7202,수산도매시장,인천,MOCK-FISHERY,MOCK-ING007,2026-09-16T07:00:00+09:00
198,7,2026-09-04,,상품,WHOLESALE,1kg,12704.0,12.7036,수산도매시장,인천,MOCK-FISHERY,MOCK-ING007,2026-09-16T07:00:00+09:00
199,7,2026-09-05,,상품,WHOLESALE,1kg,12681.0,12.6814,수산도매시장,인천,MOCK-FISHERY,MOCK-ING007,2026-09-16T07:00:00+09:00
200,7,2026-09-06,,상품,WHOLESALE,1kg,12658.0,12.6576,수산도매시장,인천,MOCK-FISHERY,MOCK-ING007,2026-09-16T07:00:00+09:00
201,7,2026-09-07,,상품,WHOLESALE,1kg,12636.0,12.636,수산도매시장,인천,MOCK-FISHERY,MOCK-ING007,2026-09-16T07:00:00+09:00
202,7,2026-09-08,,상품,WHOLESALE,1kg,12620.0,12.6203,수산도매시장,인천,MOCK-FISHERY,MOCK-ING007,2026-09-16T07:00:00+09:00
203,7,2026-09-09,,상품,WHOLESALE,1kg,12614.0,12.6136,수산도매시장,인천,MOCK-FISHERY,MOCK-ING007,2026-09-16T07:00:00+09:00
204,7,2026-09-10,,상품,WHOLESALE,1kg,12618.0,12.6179,수산도매시장,인천,MOCK-FISHERY,MOCK-ING007,2026-09-16T07:00:00+09:00
205,7,2026-09-11,,상품,WHOLESALE,1kg,12634.0,12.634,수산도매시장,인천,MOCK-FISHERY,MOCK-ING007,2026-09-16T07:00:00+09:00
206,7,2026-09-12,,상품,WHOLESALE,1kg,12662.0,12.6615,수산도매시장,인천,MOCK-FISHERY,MOCK-ING007,2026-09-16T07:00:00+09:00
207,7,2026-09-13,,상품,WHOLESALE,1kg,12699.0,12.6986,수산도매시장,인천,MOCK-FISHERY,MOCK-ING007,2026-09-16T07:00:00+09:00
208,7,2026-09-14,,상품,WHOLESALE,1kg,12742.0,12.7425,수산도매시장,인천,MOCK-FISHERY,MOCK-ING007,2026-09-16T07:00:00+09:00
209,7,2026-09-15,,상품,WHOLESALE,1kg,12790.0,12.7895,수산도매시장,인천,MOCK-FISHERY,MOCK-ING007,2026-09-16T07:00:00+09:00
210,7,2026-09-16,,상품,WHOLESALE,1kg,12836.0,12.8355,수산도매시장,인천,MOCK-FISHERY,MOCK-ING007,2026-09-16T07:00:00+09:00
211,8,2026-08-18,,상품,WHOLESALE,300g,1484.0,4.9464,가상도매시장,서울,MOCK-KAMIS,MOCK-ING008,2026-09-16T07:00:00+09:00
212,8,2026-08-19,,상품,WHOLESALE,300g,1480.0,4.9349,가상도매시장,서울,MOCK-KAMIS,MOCK-ING008,2026-09-16T07:00:00+09:00
213,8,2026-08-20,,상품,WHOLESALE,300g,1479.0,4.9294,가상도매시장,서울,MOCK-KAMIS,MOCK-ING008,2026-09-16T07:00:00+09:00
214,8,2026-08-21,,상품,WHOLESALE,300g,1479.0,4.9301,가상도매시장,서울,MOCK-KAMIS,MOCK-ING008,2026-09-16T07:00:00+09:00
215,8,2026-08-22,,상품,WHOLESALE,300g,1481.0,4.9365,가상도매시장,서울,MOCK-KAMIS,MOCK-ING008,2026-09-16T07:00:00+09:00
216,8,2026-08-23,,상품,WHOLESALE,300g,1484.0,4.9479,가상도매시장,서울,MOCK-KAMIS,MOCK-ING008,2026-09-16T07:00:00+09:00
217,8,2026-08-24,,상품,WHOLESALE,300g,1489.0,4.9629,가상도매시장,서울,MOCK-KAMIS,MOCK-ING008,2026-09-16T07:00:00+09:00
218,8,2026-08-25,,상품,WHOLESALE,300g,1494.0,4.9798,가상도매시장,서울,MOCK-KAMIS,MOCK-ING008,2026-09-16T07:00:00+09:00
219,8,2026-08-26,,상품,WHOLESALE,300g,1499.0,4.997,가상도매시장,서울,MOCK-KAMIS,MOCK-ING008,2026-09-16T07:00:00+09:00
220,8,2026-08-27,,상품,WHOLESALE,300g,1504.0,5.0127,가상도매시장,서울,MOCK-KAMIS,MOCK-ING008,2026-09-16T07:00:00+09:00
221,8,2026-08-28,,상품,WHOLESALE,300g,1508.0,5.0255,가상도매시장,서울,MOCK-KAMIS,MOCK-ING008,2026-09-16T07:00:00+09:00
222,8,2026-08-29,,상품,WHOLESALE,300g,1510.0,5.0341,가상도매시장,서울,MOCK-KAMIS,MOCK-ING008,2026-09-16T07:00:00+09:00
223,8,2026-08-30,,상품,WHOLESALE,300g,1511.0,5.038,가상도매시장,서울,MOCK-KAMIS,MOCK-ING008,2026-09-16T07:00:00+09:00
224,8,2026-08-31,,상품,WHOLESALE,300g,1511.0,5.037,가상도매시장,서울,MOCK-KAMIS,MOCK-ING008,2026-09-16T07:00:00+09:00
225,8,2026-09-01,,상품,WHOLESALE,300g,1509.0,5.0314,가상도매시장,서울,MOCK-KAMIS,MOCK-ING008,2026-09-16T07:00:00+09:00
226,8,2026-09-02,,상품,WHOLESALE,300g,1507.0,5.0221,가상도매시장,서울,MOCK-KAMIS,MOCK-ING008,2026-09-16T07:00:00+09:00
227,8,2026-09-03,,상품,WHOLESALE,300g,1503.0,5.0102,가상도매시장,서울,MOCK-KAMIS,MOCK-ING008,2026-09-16T07:00:00+09:00
228,8,2026-09-04,,상품,WHOLESALE,300g,1499.0,4.9974,가상도매시장,서울,MOCK-KAMIS,MOCK-ING008,2026-09-16T07:00:00+09:00
229,8,2026-09-05,,상품,WHOLESALE,300g,1496.0,4.9852,가상도매시장,서울,MOCK-KAMIS,MOCK-ING008,2026-09-16T07:00:00+09:00
230,8,2026-09-06,,상품,WHOLESALE,300g,1492.0,4.975,가상도매시장,서울,MOCK-KAMIS,MOCK-ING008,2026-09-16T07:00:00+09:00
231,8,2026-09-07,,상품,WHOLESALE,300g,1490.0,4.9683,가상도매시장,서울,MOCK-KAMIS,MOCK-ING008,2026-09-16T07:00:00+09:00
232,8,2026-09-08,,상품,WHOLESALE,300g,1490.0,4.9658,가상도매시장,서울,MOCK-KAMIS,MOCK-ING008,2026-09-16T07:00:00+09:00
233,8,2026-09-09,,상품,WHOLESALE,300g,1490.0,4.9681,가상도매시장,서울,MOCK-KAMIS,MOCK-ING008,2026-09-16T07:00:00+09:00
234,8,2026-09-10,,상품,WHOLESALE,300g,1493.0,4.9751,가상도매시장,서울,MOCK-KAMIS,MOCK-ING008,2026-09-16T07:00:00+09:00
235,8,2026-09-11,,상품,WHOLESALE,300g,1496.0,4.9863,가상도매시장,서울,MOCK-KAMIS,MOCK-ING008,2026-09-16T07:00:00+09:00
236,8,2026-09-12,,상품,WHOLESALE,300g,1500.0,5.0005,가상도매시장,서울,MOCK-KAMIS,MOCK-ING008,2026-09-16T07:00:00+09:00
237,8,2026-09-13,,상품,WHOLESALE,300g,1505.0,5.0164,가상도매시장,서울,MOCK-KAMIS,MOCK-ING008,2026-09-16T07:00:00+09:00
238,8,2026-09-14,,상품,WHOLESALE,300g,1510.0,5.0324,가상도매시장,서울,MOCK-KAMIS,MOCK-ING008,2026-09-16T07:00:00+09:00
239,8,2026-09-15,,상품,WHOLESALE,300g,1514.0,5.0466,가상도매시장,서울,MOCK-KAMIS,MOCK-ING008,2026-09-16T07:00:00+09:00
240,8,2026-09-16,,상품,WHOLESALE,300g,1517.0,5.0576,가상도매시장,서울,MOCK-KAMIS,MOCK-ING008,2026-09-16T07:00:00+09:00
241,9,2026-08-18,,상품,WHOLESALE,30ea,7260.0,242.0,축산유통센터,경기,MOCK-LIVESTOCK,MOCK-ING009,2026-09-16T07:00:00+09:00
242,9,2026-08-19,,상품,WHOLESALE,30ea,7260.0,242.0,축산유통센터,경기,MOCK-LIVESTOCK,MOCK-ING009,2026-09-16T07:00:00+09:00
243,9,2026-08-20,,상품,WHOLESALE,30ea,7260.0,242.0,축산유통센터,경기,MOCK-LIVESTOCK,MOCK-ING009,2026-09-16T07:00:00+09:00
244,9,2026-08-21,,상품,WHOLESALE,30ea,7290.0,243.0,축산유통센터,경기,MOCK-LIVESTOCK,MOCK-ING009,2026-09-16T07:00:00+09:00
245,9,2026-08-22,,상품,WHOLESALE,30ea,7320.0,244.0,축산유통센터,경기,MOCK-LIVESTOCK,MOCK-ING009,2026-09-16T07:00:00+09:00
246,9,2026-08-23,,상품,WHOLESALE,30ea,7350.0,245.0,축산유통센터,경기,MOCK-LIVESTOCK,MOCK-ING009,2026-09-16T07:00:00+09:00
247,9,2026-08-24,,상품,WHOLESALE,30ea,7380.0,246.0,축산유통센터,경기,MOCK-LIVESTOCK,MOCK-ING009,2026-09-16T07:00:00+09:00
248,9,2026-08-25,,상품,WHOLESALE,30ea,7410.0,247.0,축산유통센터,경기,MOCK-LIVESTOCK,MOCK-ING009,2026-09-16T07:00:00+09:00
249,9,2026-08-26,,상품,WHOLESALE,30ea,7440.0,248.0,축산유통센터,경기,MOCK-LIVESTOCK,MOCK-ING009,2026-09-16T07:00:00+09:00
250,9,2026-08-27,,상품,WHOLESALE,30ea,7470.0,249.0,축산유통센터,경기,MOCK-LIVESTOCK,MOCK-ING009,2026-09-16T07:00:00+09:00
251,9,2026-08-28,,상품,WHOLESALE,30ea,7470.0,249.0,축산유통센터,경기,MOCK-LIVESTOCK,MOCK-ING009,2026-09-16T07:00:00+09:00
252,9,2026-08-29,,상품,WHOLESALE,30ea,7470.0,249.0,축산유통센터,경기,MOCK-LIVESTOCK,MOCK-ING009,2026-09-16T07:00:00+09:00
253,9,2026-08-30,,상품,WHOLESALE,30ea,7500.0,250.0,축산유통센터,경기,MOCK-LIVESTOCK,MOCK-ING009,2026-09-16T07:00:00+09:00
254,9,2026-08-31,,상품,WHOLESALE,30ea,7470.0,249.0,축산유통센터,경기,MOCK-LIVESTOCK,MOCK-ING009,2026-09-16T07:00:00+09:00
255,9,2026-09-01,,상품,WHOLESALE,30ea,7470.0,249.0,축산유통센터,경기,MOCK-LIVESTOCK,MOCK-ING009,2026-09-16T07:00:00+09:00
256,9,2026-09-02,,상품,WHOLESALE,30ea,7470.0,249.0,축산유통센터,경기,MOCK-LIVESTOCK,MOCK-ING009,2026-09-16T07:00:00+09:00
257,9,2026-09-03,,상품,WHOLESALE,30ea,7440.0,248.0,축산유통센터,경기,MOCK-LIVESTOCK,MOCK-ING009,2026-09-16T07:00:00+09:00
258,9,2026-09-04,,상품,WHOLESALE,30ea,7440.0,248.0,축산유통센터,경기,MOCK-LIVESTOCK,MOCK-ING009,2026-09-16T07:00:00+09:00
259,9,2026-09-05,,상품,WHOLESALE,30ea,7440.0,248.0,축산유통센터,경기,MOCK-LIVESTOCK,MOCK-ING009,2026-09-16T07:00:00+09:00
260,9,2026-09-06,,상품,WHOLESALE,30ea,7440.0,248.0,축산유통센터,경기,MOCK-LIVESTOCK,MOCK-ING009,2026-09-16T07:00:00+09:00
261,9,2026-09-07,,상품,WHOLESALE,30ea,7440.0,248.0,축산유통센터,경기,MOCK-LIVESTOCK,MOCK-ING009,2026-09-16T07:00:00+09:00
262,9,2026-09-08,,상품,WHOLESALE,30ea,7470.0,249.0,축산유통센터,경기,MOCK-LIVESTOCK,MOCK-ING009,2026-09-16T07:00:00+09:00
263,9,2026-09-09,,상품,WHOLESALE,30ea,7500.0,250.0,축산유통센터,경기,MOCK-LIVESTOCK,MOCK-ING009,2026-09-16T07:00:00+09:00
264,9,2026-09-10,,상품,WHOLESALE,30ea,7530.0,251.0,축산유통센터,경기,MOCK-LIVESTOCK,MOCK-ING009,2026-09-16T07:00:00+09:00
265,9,2026-09-11,,상품,WHOLESALE,30ea,7560.0,252.0,축산유통센터,경기,MOCK-LIVESTOCK,MOCK-ING009,2026-09-16T07:00:00+09:00
266,9,2026-09-12,,상품,WHOLESALE,30ea,7590.0,253.0,축산유통센터,경기,MOCK-LIVESTOCK,MOCK-ING009,2026-09-16T07:00:00+09:00
267,9,2026-09-13,,상품,WHOLESALE,30ea,7620.0,254.0,축산유통센터,경기,MOCK-LIVESTOCK,MOCK-ING009,2026-09-16T07:00:00+09:00
268,9,2026-09-14,,상품,WHOLESALE,30ea,7650.0,255.0,축산유통센터,경기,MOCK-LIVESTOCK,MOCK-ING009,2026-09-16T07:00:00+09:00
269,9,2026-09-15,,상품,WHOLESALE,30ea,7650.0,255.0,축산유통센터,경기,MOCK-LIVESTOCK,MOCK-ING009,2026-09-16T07:00:00+09:00
270,9,2026-09-16,,상품,WHOLESALE,30ea,7680.0,256.0,축산유통센터,경기,MOCK-LIVESTOCK,MOCK-ING009,2026-09-16T07:00:00+09:00
271,10,2026-08-18,배추(가상품종),상품,WHOLESALE,10kg,27659.0,2.7659,가상도매시장,서울,MOCK-KAMIS,MOCK-ING010,2026-09-16T07:00:00+09:00
272,10,2026-08-19,배추(가상품종),상품,WHOLESALE,10kg,27895.0,2.7895,가상도매시장,서울,MOCK-KAMIS,MOCK-ING010,2026-09-16T07:00:00+09:00
273,10,2026-08-20,배추(가상품종),상품,WHOLESALE,10kg,28154.0,2.8154,가상도매시장,서울,MOCK-KAMIS,MOCK-ING010,2026-09-16T07:00:00+09:00
274,10,2026-08-21,배추(가상품종),상품,WHOLESALE,10kg,28429.0,2.8429,가상도매시장,서울,MOCK-KAMIS,MOCK-ING010,2026-09-16T07:00:00+09:00
275,10,2026-08-22,배추(가상품종),상품,WHOLESALE,10kg,28710.0,2.871,가상도매시장,서울,MOCK-KAMIS,MOCK-ING010,2026-09-16T07:00:00+09:00
276,10,2026-08-23,배추(가상품종),상품,WHOLESALE,10kg,28988.0,2.8988,가상도매시장,서울,MOCK-KAMIS,MOCK-ING010,2026-09-16T07:00:00+09:00
277,10,2026-08-24,배추(가상품종),상품,WHOLESALE,10kg,29255.0,2.9255,가상도매시장,서울,MOCK-KAMIS,MOCK-ING010,2026-09-16T07:00:00+09:00
278,10,2026-08-25,배추(가상품종),상품,WHOLESALE,10kg,29502.0,2.9502,가상도매시장,서울,MOCK-KAMIS,MOCK-ING010,2026-09-16T07:00:00+09:00
279,10,2026-08-26,배추(가상품종),상품,WHOLESALE,10kg,29725.0,2.9725,가상도매시장,서울,MOCK-KAMIS,MOCK-ING010,2026-09-16T07:00:00+09:00
280,10,2026-08-27,배추(가상품종),상품,WHOLESALE,10kg,29922.0,2.9922,가상도매시장,서울,MOCK-KAMIS,MOCK-ING010,2026-09-16T07:00:00+09:00
281,10,2026-08-28,배추(가상품종),상품,WHOLESALE,10kg,30092.0,3.0092,가상도매시장,서울,MOCK-KAMIS,MOCK-ING010,2026-09-16T07:00:00+09:00
282,10,2026-08-29,배추(가상품종),상품,WHOLESALE,10kg,30240.0,3.024,가상도매시장,서울,MOCK-KAMIS,MOCK-ING010,2026-09-16T07:00:00+09:00
283,10,2026-08-30,배추(가상품종),상품,WHOLESALE,10kg,30371.0,3.0371,가상도매시장,서울,MOCK-KAMIS,MOCK-ING010,2026-09-16T07:00:00+09:00
284,10,2026-08-31,배추(가상품종),상품,WHOLESALE,10kg,30493.0,3.0493,가상도매시장,서울,MOCK-KAMIS,MOCK-ING010,2026-09-16T07:00:00+09:00
285,10,2026-09-01,배추(가상품종),상품,WHOLESALE,10kg,30615.0,3.0615,가상도매시장,서울,MOCK-KAMIS,MOCK-ING010,2026-09-16T07:00:00+09:00
286,10,2026-09-02,배추(가상품종),상품,WHOLESALE,10kg,30745.0,3.0745,가상도매시장,서울,MOCK-KAMIS,MOCK-ING010,2026-09-16T07:00:00+09:00
287,10,2026-09-03,배추(가상품종),상품,WHOLESALE,10kg,30892.0,3.0892,가상도매시장,서울,MOCK-KAMIS,MOCK-ING010,2026-09-16T07:00:00+09:00
288,10,2026-09-04,배추(가상품종),상품,WHOLESALE,10kg,31062.0,3.1062,가상도매시장,서울,MOCK-KAMIS,MOCK-ING010,2026-09-16T07:00:00+09:00
289,10,2026-09-05,배추(가상품종),상품,WHOLESALE,10kg,31258.0,3.1258,가상도매시장,서울,MOCK-KAMIS,MOCK-ING010,2026-09-16T07:00:00+09:00
290,10,2026-09-06,배추(가상품종),상품,WHOLESALE,10kg,31483.0,3.1483,가상도매시장,서울,MOCK-KAMIS,MOCK-ING010,2026-09-16T07:00:00+09:00
291,10,2026-09-07,배추(가상품종),상품,WHOLESALE,10kg,31733.0,3.1733,가상도매시장,서울,MOCK-KAMIS,MOCK-ING010,2026-09-16T07:00:00+09:00
292,10,2026-09-08,배추(가상품종),상품,WHOLESALE,10kg,32005.0,3.2005,가상도매시장,서울,MOCK-KAMIS,MOCK-ING010,2026-09-16T07:00:00+09:00
293,10,2026-09-09,배추(가상품종),상품,WHOLESALE,10kg,32292.0,3.2292,가상도매시장,서울,MOCK-KAMIS,MOCK-ING010,2026-09-16T07:00:00+09:00
294,10,2026-09-10,배추(가상품종),상품,WHOLESALE,10kg,32584.0,3.2584,가상도매시장,서울,MOCK-KAMIS,MOCK-ING010,2026-09-16T07:00:00+09:00
295,10,2026-09-11,배추(가상품종),상품,WHOLESALE,10kg,32872.0,3.2872,가상도매시장,서울,MOCK-KAMIS,MOCK-ING010,2026-09-16T07:00:00+09:00
296,10,2026-09-12,배추(가상품종),상품,WHOLESALE,10kg,33146.0,3.3146,가상도매시장,서울,MOCK-KAMIS,MOCK-ING010,2026-09-16T07:00:00+09:00
297,10,2026-09-13,배추(가상품종),상품,WHOLESALE,10kg,33398.0,3.3398,가상도매시장,서울,MOCK-KAMIS,MOCK-ING010,2026-09-16T07:00:00+09:00
298,10,2026-09-14,배추(가상품종),상품,WHOLESALE,10kg,33620.0,3.362,가상도매시장,서울,MOCK-KAMIS,MOCK-ING010,2026-09-16T07:00:00+09:00
299,10,2026-09-15,배추(가상품종),상품,WHOLESALE,10kg,33808.0,3.3808,가상도매시장,서울,MOCK-KAMIS,MOCK-ING010,2026-09-16T07:00:00+09:00
300,10,2026-09-16,배추(가상품종),상품,WHOLESALE,10kg,33961.0,3.3961,가상도매시장,서울,MOCK-KAMIS,MOCK-ING010,2026-09-16T07:00:00+09:00
301,11,2026-08-18,무(가상품종),상품,WHOLESALE,20kg,23798.0,1.1899,가상도매시장,서울,MOCK-KAMIS,MOCK-ING011,2026-09-16T07:00:00+09:00
302,11,2026-08-19,무(가상품종),상품,WHOLESALE,20kg,23896.0,1.1948,가상도매시장,서울,MOCK-KAMIS,MOCK-ING011,2026-09-16T07:00:00+09:00
303,11,2026-08-20,무(가상품종),상품,WHOLESALE,20kg,24000.0,1.2,가상도매시장,서울,MOCK-KAMIS,MOCK-ING011,2026-09-16T07:00:00+09:00
304,11,2026-08-21,무(가상품종),상품,WHOLESALE,20kg,24104.0,1.2052,가상도매시장,서울,MOCK-KAMIS,MOCK-ING011,2026-09-16T07:00:00+09:00
305,11,2026-08-22,무(가상품종),상품,WHOLESALE,20kg,24200.0,1.21,가상도매시장,서울,MOCK-KAMIS,MOCK-ING011,2026-09-16T07:00:00+09:00
306,11,2026-08-23,무(가상품종),상품,WHOLESALE,20kg,24282.0,1.2141,가상도매시장,서울,MOCK-KAMIS,MOCK-ING011,2026-09-16T07:00:00+09:00
307,11,2026-08-24,무(가상품종),상품,WHOLESALE,20kg,24342.0,1.2171,가상도매시장,서울,MOCK-KAMIS,MOCK-ING011,2026-09-16T07:00:00+09:00
308,11,2026-08-25,무(가상품종),상품,WHOLESALE,20kg,24382.0,1.2191,가상도매시장,서울,MOCK-KAMIS,MOCK-ING011,2026-09-16T07:00:00+09:00
309,11,2026-08-26,무(가상품종),상품,WHOLESALE,20kg,24398.0,1.2199,가상도매시장,서울,MOCK-KAMIS,MOCK-ING011,2026-09-16T07:00:00+09:00
310,11,2026-08-27,무(가상품종),상품,WHOLESALE,20kg,24396.0,1.2198,가상도매시장,서울,MOCK-KAMIS,MOCK-ING011,2026-09-16T07:00:00+09:00
311,11,2026-08-28,무(가상품종),상품,WHOLESALE,20kg,24378.0,1.2189,가상도매시장,서울,MOCK-KAMIS,MOCK-ING011,2026-09-16T07:00:00+09:00
312,11,2026-08-29,무(가상품종),상품,WHOLESALE,20kg,24350.0,1.2175,가상도매시장,서울,MOCK-KAMIS,MOCK-ING011,2026-09-16T07:00:00+09:00
313,11,2026-08-30,무(가상품종),상품,WHOLESALE,20kg,24320.0,1.216,가상도매시장,서울,MOCK-KAMIS,MOCK-ING011,2026-09-16T07:00:00+09:00
314,11,2026-08-31,무(가상품종),상품,WHOLESALE,20kg,24296.0,1.2148,가상도매시장,서울,MOCK-KAMIS,MOCK-ING011,2026-09-16T07:00:00+09:00
315,11,2026-09-01,무(가상품종),상품,WHOLESALE,20kg,24286.0,1.2143,가상도매시장,서울,MOCK-KAMIS,MOCK-ING011,2026-09-16T07:00:00+09:00
316,11,2026-09-02,무(가상품종),상품,WHOLESALE,20kg,24294.0,1.2147,가상도매시장,서울,MOCK-KAMIS,MOCK-ING011,2026-09-16T07:00:00+09:00
317,11,2026-09-03,무(가상품종),상품,WHOLESALE,20kg,24324.0,1.2162,가상도매시장,서울,MOCK-KAMIS,MOCK-ING011,2026-09-16T07:00:00+09:00
318,11,2026-09-04,무(가상품종),상품,WHOLESALE,20kg,24380.0,1.219,가상도매시장,서울,MOCK-KAMIS,MOCK-ING011,2026-09-16T07:00:00+09:00
319,11,2026-09-05,무(가상품종),상품,WHOLESALE,20kg,24458.0,1.2229,가상도매시장,서울,MOCK-KAMIS,MOCK-ING011,2026-09-16T07:00:00+09:00
320,11,2026-09-06,무(가상품종),상품,WHOLESALE,20kg,24558.0,1.2279,가상도매시장,서울,MOCK-KAMIS,MOCK-ING011,2026-09-16T07:00:00+09:00
321,11,2026-09-07,무(가상품종),상품,WHOLESALE,20kg,24672.0,1.2336,가상도매시장,서울,MOCK-KAMIS,MOCK-ING011,2026-09-16T07:00:00+09:00
322,11,2026-09-08,무(가상품종),상품,WHOLESALE,20kg,24794.0,1.2397,가상도매시장,서울,MOCK-KAMIS,MOCK-ING011,2026-09-16T07:00:00+09:00
323,11,2026-09-09,무(가상품종),상품,WHOLESALE,20kg,24914.0,1.2457,가상도매시장,서울,MOCK-KAMIS,MOCK-ING011,2026-09-16T07:00:00+09:00
324,11,2026-09-10,무(가상품종),상품,WHOLESALE,20kg,25024.0,1.2512,가상도매시장,서울,MOCK-KAMIS,MOCK-ING011,2026-09-16T07:00:00+09:00
325,11,2026-09-11,무(가상품종),상품,WHOLESALE,20kg,25116.0,1.2558,가상도매시장,서울,MOCK-KAMIS,MOCK-ING011,2026-09-16T07:00:00+09:00
326,11,2026-09-12,무(가상품종),상품,WHOLESALE,20kg,25186.0,1.2593,가상도매시장,서울,MOCK-KAMIS,MOCK-ING011,2026-09-16T07:00:00+09:00
327,11,2026-09-13,무(가상품종),상품,WHOLESALE,20kg,25226.0,1.2613,가상도매시장,서울,MOCK-KAMIS,MOCK-ING011,2026-09-16T07:00:00+09:00
328,11,2026-09-14,무(가상품종),상품,WHOLESALE,20kg,25236.0,1.2618,가상도매시장,서울,MOCK-KAMIS,MOCK-ING011,2026-09-16T07:00:00+09:00
329,11,2026-09-15,무(가상품종),상품,WHOLESALE,20kg,25214.0,1.2607,가상도매시장,서울,MOCK-KAMIS,MOCK-ING011,2026-09-16T07:00:00+09:00
330,11,2026-09-16,무(가상품종),상품,WHOLESALE,20kg,25168.0,1.2584,가상도매시장,서울,MOCK-KAMIS,MOCK-ING011,2026-09-16T07:00:00+09:00
331,12,2026-08-18,양파(가상품종),상품,WHOLESALE,20kg,28910.0,1.4455,가상도매시장,서울,MOCK-KAMIS,MOCK-ING012,2026-09-16T07:00:00+09:00
332,12,2026-08-19,양파(가상품종),상품,WHOLESALE,20kg,29072.0,1.4536,가상도매시장,서울,MOCK-KAMIS,MOCK-ING012,2026-09-16T07:00:00+09:00
333,12,2026-08-20,양파(가상품종),상품,WHOLESALE,20kg,29228.0,1.4614,가상도매시장,서울,MOCK-KAMIS,MOCK-ING012,2026-09-16T07:00:00+09:00
334,12,2026-08-21,양파(가상품종),상품,WHOLESALE,20kg,29368.0,1.4684,가상도매시장,서울,MOCK-KAMIS,MOCK-ING012,2026-09-16T07:00:00+09:00
335,12,2026-08-22,양파(가상품종),상품,WHOLESALE,20kg,29484.0,1.4742,가상도매시장,서울,MOCK-KAMIS,MOCK-ING012,2026-09-16T07:00:00+09:00
336,12,2026-08-23,양파(가상품종),상품,WHOLESALE,20kg,29576.0,1.4788,가상도매시장,서울,MOCK-KAMIS,MOCK-ING012,2026-09-16T07:00:00+09:00
337,12,2026-08-24,양파(가상품종),상품,WHOLESALE,20kg,29640.0,1.482,가상도매시장,서울,MOCK-KAMIS,MOCK-ING012,2026-09-16T07:00:00+09:00
338,12,2026-08-25,양파(가상품종),상품,WHOLESALE,20kg,29680.0,1.484,가상도매시장,서울,MOCK-KAMIS,MOCK-ING012,2026-09-16T07:00:00+09:00
339,12,2026-08-26,양파(가상품종),상품,WHOLESALE,20kg,29698.0,1.4849,가상도매시장,서울,MOCK-KAMIS,MOCK-ING012,2026-09-16T07:00:00+09:00
340,12,2026-08-27,양파(가상품종),상품,WHOLESALE,20kg,29704.0,1.4852,가상도매시장,서울,MOCK-KAMIS,MOCK-ING012,2026-09-16T07:00:00+09:00
341,12,2026-08-28,양파(가상품종),상품,WHOLESALE,20kg,29706.0,1.4853,가상도매시장,서울,MOCK-KAMIS,MOCK-ING012,2026-09-16T07:00:00+09:00
342,12,2026-08-29,양파(가상품종),상품,WHOLESALE,20kg,29714.0,1.4857,가상도매시장,서울,MOCK-KAMIS,MOCK-ING012,2026-09-16T07:00:00+09:00
343,12,2026-08-30,양파(가상품종),상품,WHOLESALE,20kg,29734.0,1.4867,가상도매시장,서울,MOCK-KAMIS,MOCK-ING012,2026-09-16T07:00:00+09:00
344,12,2026-08-31,양파(가상품종),상품,WHOLESALE,20kg,29778.0,1.4889,가상도매시장,서울,MOCK-KAMIS,MOCK-ING012,2026-09-16T07:00:00+09:00
345,12,2026-09-01,양파(가상품종),상품,WHOLESALE,20kg,29848.0,1.4924,가상도매시장,서울,MOCK-KAMIS,MOCK-ING012,2026-09-16T07:00:00+09:00
346,12,2026-09-02,양파(가상품종),상품,WHOLESALE,20kg,29948.0,1.4974,가상도매시장,서울,MOCK-KAMIS,MOCK-ING012,2026-09-16T07:00:00+09:00
347,12,2026-09-03,양파(가상품종),상품,WHOLESALE,20kg,30078.0,1.5039,가상도매시장,서울,MOCK-KAMIS,MOCK-ING012,2026-09-16T07:00:00+09:00
348,12,2026-09-04,양파(가상품종),상품,WHOLESALE,20kg,30236.0,1.5118,가상도매시장,서울,MOCK-KAMIS,MOCK-ING012,2026-09-16T07:00:00+09:00
349,12,2026-09-05,양파(가상품종),상품,WHOLESALE,20kg,30414.0,1.5207,가상도매시장,서울,MOCK-KAMIS,MOCK-ING012,2026-09-16T07:00:00+09:00
350,12,2026-09-06,양파(가상품종),상품,WHOLESALE,20kg,30602.0,1.5301,가상도매시장,서울,MOCK-KAMIS,MOCK-ING012,2026-09-16T07:00:00+09:00
351,12,2026-09-07,양파(가상품종),상품,WHOLESALE,20kg,30794.0,1.5397,가상도매시장,서울,MOCK-KAMIS,MOCK-ING012,2026-09-16T07:00:00+09:00
352,12,2026-09-08,양파(가상품종),상품,WHOLESALE,20kg,30978.0,1.5489,가상도매시장,서울,MOCK-KAMIS,MOCK-ING012,2026-09-16T07:00:00+09:00
353,12,2026-09-09,양파(가상품종),상품,WHOLESALE,20kg,31142.0,1.5571,가상도매시장,서울,MOCK-KAMIS,MOCK-ING012,2026-09-16T07:00:00+09:00
354,12,2026-09-10,양파(가상품종),상품,WHOLESALE,20kg,31278.0,1.5639,가상도매시장,서울,MOCK-KAMIS,MOCK-ING012,2026-09-16T07:00:00+09:00
355,12,2026-09-11,양파(가상품종),상품,WHOLESALE,20kg,31380.0,1.569,가상도매시장,서울,MOCK-KAMIS,MOCK-ING012,2026-09-16T07:00:00+09:00
356,12,2026-09-12,양파(가상품종),상품,WHOLESALE,20kg,31446.0,1.5723,가상도매시장,서울,MOCK-KAMIS,MOCK-ING012,2026-09-16T07:00:00+09:00
357,12,2026-09-13,양파(가상품종),상품,WHOLESALE,20kg,31474.0,1.5737,가상도매시장,서울,MOCK-KAMIS,MOCK-ING012,2026-09-16T07:00:00+09:00
358,12,2026-09-14,양파(가상품종),상품,WHOLESALE,20kg,31468.0,1.5734,가상도매시장,서울,MOCK-KAMIS,MOCK-ING012,2026-09-16T07:00:00+09:00
359,12,2026-09-15,양파(가상품종),상품,WHOLESALE,20kg,31434.0,1.5717,가상도매시장,서울,MOCK-KAMIS,MOCK-ING012,2026-09-16T07:00:00+09:00
360,12,2026-09-16,양파(가상품종),상품,WHOLESALE,20kg,31380.0,1.569,가상도매시장,서울,MOCK-KAMIS,MOCK-ING012,2026-09-16T07:00:00+09:00
361,13,2026-08-18,대파(가상품종),상품,WHOLESALE,1kg,4108.0,4.1083,가상도매시장,서울,MOCK-KAMIS,MOCK-ING013,2026-09-16T07:00:00+09:00
362,13,2026-08-19,대파(가상품종),상품,WHOLESALE,1kg,4125.0,4.1254,가상도매시장,서울,MOCK-KAMIS,MOCK-ING013,2026-09-16T07:00:00+09:00
363,13,2026-08-20,대파(가상품종),상품,WHOLESALE,1kg,4140.0,4.1395,가상도매시장,서울,MOCK-KAMIS,MOCK-ING013,2026-09-16T07:00:00+09:00
364,13,2026-08-21,대파(가상품종),상품,WHOLESALE,1kg,4150.0,4.15,가상도매시장,서울,MOCK-KAMIS,MOCK-ING013,2026-09-16T07:00:00+09:00
365,13,2026-08-22,대파(가상품종),상품,WHOLESALE,1kg,4157.0,4.1568,가상도매시장,서울,MOCK-KAMIS,MOCK-ING013,2026-09-16T07:00:00+09:00
366,13,2026-08-23,대파(가상품종),상품,WHOLESALE,1kg,4160.0,4.1598,가상도매시장,서울,MOCK-KAMIS,MOCK-ING013,2026-09-16T07:00:00+09:00
367,13,2026-08-24,대파(가상품종),상품,WHOLESALE,1kg,4160.0,4.1599,가상도매시장,서울,MOCK-KAMIS,MOCK-ING013,2026-09-16T07:00:00+09:00
368,13,2026-08-25,대파(가상품종),상품,WHOLESALE,1kg,4158.0,4.1579,가상도매시장,서울,MOCK-KAMIS,MOCK-ING013,2026-09-16T07:00:00+09:00
369,13,2026-08-26,대파(가상품종),상품,WHOLESALE,1kg,4155.0,4.155,가상도매시장,서울,MOCK-KAMIS,MOCK-ING013,2026-09-16T07:00:00+09:00
370,13,2026-08-27,대파(가상품종),상품,WHOLESALE,1kg,4152.0,4.1525,가상도매시장,서울,MOCK-KAMIS,MOCK-ING013,2026-09-16T07:00:00+09:00
371,13,2026-08-28,대파(가상품종),상품,WHOLESALE,1kg,4152.0,4.1518,가상도매시장,서울,MOCK-KAMIS,MOCK-ING013,2026-09-16T07:00:00+09:00
372,13,2026-08-29,대파(가상품종),상품,WHOLESALE,1kg,4154.0,4.154,가상도매시장,서울,MOCK-KAMIS,MOCK-ING013,2026-09-16T07:00:00+09:00
373,13,2026-08-30,대파(가상품종),상품,WHOLESALE,1kg,4160.0,4.16,가상도매시장,서울,MOCK-KAMIS,MOCK-ING013,2026-09-16T07:00:00+09:00
374,13,2026-08-31,대파(가상품종),상품,WHOLESALE,1kg,4170.0,4.1703,가상도매시장,서울,MOCK-KAMIS,MOCK-ING013,2026-09-16T07:00:00+09:00
375,13,2026-09-01,대파(가상품종),상품,WHOLESALE,1kg,4185.0,4.1851,가상도매시장,서울,MOCK-KAMIS,MOCK-ING013,2026-09-16T07:00:00+09:00
376,13,2026-09-02,대파(가상품종),상품,WHOLESALE,1kg,4204.0,4.2038,가상도매시장,서울,MOCK-KAMIS,MOCK-ING013,2026-09-16T07:00:00+09:00
377,13,2026-09-03,대파(가상품종),상품,WHOLESALE,1kg,4226.0,4.2259,가상도매시장,서울,MOCK-KAMIS,MOCK-ING013,2026-09-16T07:00:00+09:00
378,13,2026-09-04,대파(가상품종),상품,WHOLESALE,1kg,4250.0,4.2501,가상도매시장,서울,MOCK-KAMIS,MOCK-ING013,2026-09-16T07:00:00+09:00
379,13,2026-09-05,대파(가상품종),상품,WHOLESALE,1kg,4275.0,4.275,가상도매시장,서울,MOCK-KAMIS,MOCK-ING013,2026-09-16T07:00:00+09:00
380,13,2026-09-06,대파(가상품종),상품,WHOLESALE,1kg,4299.0,4.2992,가상도매시장,서울,MOCK-KAMIS,MOCK-ING013,2026-09-16T07:00:00+09:00
381,13,2026-09-07,대파(가상품종),상품,WHOLESALE,1kg,4321.0,4.3212,가상도매시장,서울,MOCK-KAMIS,MOCK-ING013,2026-09-16T07:00:00+09:00
382,13,2026-09-08,대파(가상품종),상품,WHOLESALE,1kg,4340.0,4.3396,가상도매시장,서울,MOCK-KAMIS,MOCK-ING013,2026-09-16T07:00:00+09:00
383,13,2026-09-09,대파(가상품종),상품,WHOLESALE,1kg,4353.0,4.3533,가상도매시장,서울,MOCK-KAMIS,MOCK-ING013,2026-09-16T07:00:00+09:00
384,13,2026-09-10,대파(가상품종),상품,WHOLESALE,1kg,4362.0,4.3618,가상도매시장,서울,MOCK-KAMIS,MOCK-ING013,2026-09-16T07:00:00+09:00
385,13,2026-09-11,대파(가상품종),상품,WHOLESALE,1kg,4365.0,4.3649,가상도매시장,서울,MOCK-KAMIS,MOCK-ING013,2026-09-16T07:00:00+09:00
386,13,2026-09-12,대파(가상품종),상품,WHOLESALE,1kg,4363.0,4.3628,가상도매시장,서울,MOCK-KAMIS,MOCK-ING013,2026-09-16T07:00:00+09:00
387,13,2026-09-13,대파(가상품종),상품,WHOLESALE,1kg,4356.0,4.3564,가상도매시장,서울,MOCK-KAMIS,MOCK-ING013,2026-09-16T07:00:00+09:00
388,13,2026-09-14,대파(가상품종),상품,WHOLESALE,1kg,4347.0,4.3468,가상도매시장,서울,MOCK-KAMIS,MOCK-ING013,2026-09-16T07:00:00+09:00
389,13,2026-09-15,대파(가상품종),상품,WHOLESALE,1kg,4336.0,4.3355,가상도매시장,서울,MOCK-KAMIS,MOCK-ING013,2026-09-16T07:00:00+09:00
390,13,2026-09-16,대파(가상품종),상품,WHOLESALE,1kg,4324.0,4.3242,가상도매시장,서울,MOCK-KAMIS,MOCK-ING013,2026-09-16T07:00:00+09:00
391,14,2026-08-18,감자(가상품종),상품,WHOLESALE,20kg,42228.0,2.1114,가상도매시장,서울,MOCK-KAMIS,MOCK-ING014,2026-09-16T07:00:00+09:00
392,14,2026-08-19,감자(가상품종),상품,WHOLESALE,20kg,42312.0,2.1156,가상도매시장,서울,MOCK-KAMIS,MOCK-ING014,2026-09-16T07:00:00+09:00
393,14,2026-08-20,감자(가상품종),상품,WHOLESALE,20kg,42356.0,2.1178,가상도매시장,서울,MOCK-KAMIS,MOCK-ING014,2026-09-16T07:00:00+09:00
394,14,2026-08-21,감자(가상품종),상품,WHOLESALE,20kg,42364.0,2.1182,가상도매시장,서울,MOCK-KAMIS,MOCK-ING014,2026-09-16T07:00:00+09:00
395,14,2026-08-22,감자(가상품종),상품,WHOLESALE,20kg,42338.0,2.1169,가상도매시장,서울,MOCK-KAMIS,MOCK-ING014,2026-09-16T07:00:00+09:00
396,14,2026-08-23,감자(가상품종),상품,WHOLESALE,20kg,42288.0,2.1144,가상도매시장,서울,MOCK-KAMIS,MOCK-ING014,2026-09-16T07:00:00+09:00
397,14,2026-08-24,감자(가상품종),상품,WHOLESALE,20kg,42224.0,2.1112,가상도매시장,서울,MOCK-KAMIS,MOCK-ING014,2026-09-16T07:00:00+09:00
398,14,2026-08-25,감자(가상품종),상품,WHOLESALE,20kg,42164.0,2.1082,가상도매시장,서울,MOCK-KAMIS,MOCK-ING014,2026-09-16T07:00:00+09:00
399,14,2026-08-26,감자(가상품종),상품,WHOLESALE,20kg,42118.0,2.1059,가상도매시장,서울,MOCK-KAMIS,MOCK-ING014,2026-09-16T07:00:00+09:00
400,14,2026-08-27,감자(가상품종),상품,WHOLESALE,20kg,42100.0,2.105,가상도매시장,서울,MOCK-KAMIS,MOCK-ING014,2026-09-16T07:00:00+09:00
401,14,2026-08-28,감자(가상품종),상품,WHOLESALE,20kg,42120.0,2.106,가상도매시장,서울,MOCK-KAMIS,MOCK-ING014,2026-09-16T07:00:00+09:00
402,14,2026-08-29,감자(가상품종),상품,WHOLESALE,20kg,42184.0,2.1092,가상도매시장,서울,MOCK-KAMIS,MOCK-ING014,2026-09-16T07:00:00+09:00
403,14,2026-08-30,감자(가상품종),상품,WHOLESALE,20kg,42296.0,2.1148,가상도매시장,서울,MOCK-KAMIS,MOCK-ING014,2026-09-16T07:00:00+09:00
404,14,2026-08-31,감자(가상품종),상품,WHOLESALE,20kg,42450.0,2.1225,가상도매시장,서울,MOCK-KAMIS,MOCK-ING014,2026-09-16T07:00:00+09:00
405,14,2026-09-01,감자(가상품종),상품,WHOLESALE,20kg,42642.0,2.1321,가상도매시장,서울,MOCK-KAMIS,MOCK-ING014,2026-09-16T07:00:00+09:00
406,14,2026-09-02,감자(가상품종),상품,WHOLESALE,20kg,42862.0,2.1431,가상도매시장,서울,MOCK-KAMIS,MOCK-ING014,2026-09-16T07:00:00+09:00
407,14,2026-09-03,감자(가상품종),상품,WHOLESALE,20kg,43094.0,2.1547,가상도매시장,서울,MOCK-KAMIS,MOCK-ING014,2026-09-16T07:00:00+09:00
408,14,2026-09-04,감자(가상품종),상품,WHOLESALE,20kg,43324.0,2.1662,가상도매시장,서울,MOCK-KAMIS,MOCK-ING014,2026-09-16T07:00:00+09:00
409,14,2026-09-05,감자(가상품종),상품,WHOLESALE,20kg,43534.0,2.1767,가상도매시장,서울,MOCK-KAMIS,MOCK-ING014,2026-09-16T07:00:00+09:00
410,14,2026-09-06,감자(가상품종),상품,WHOLESALE,20kg,43712.0,2.1856,가상도매시장,서울,MOCK-KAMIS,MOCK-ING014,2026-09-16T07:00:00+09:00
411,14,2026-09-07,감자(가상품종),상품,WHOLESALE,20kg,43846.0,2.1923,가상도매시장,서울,MOCK-KAMIS,MOCK-ING014,2026-09-16T07:00:00+09:00
412,14,2026-09-08,감자(가상품종),상품,WHOLESALE,20kg,43926.0,2.1963,가상도매시장,서울,MOCK-KAMIS,MOCK-ING014,2026-09-16T07:00:00+09:00
413,14,2026-09-09,감자(가상품종),상품,WHOLESALE,20kg,43950.0,2.1975,가상도매시장,서울,MOCK-KAMIS,MOCK-ING014,2026-09-16T07:00:00+09:00
414,14,2026-09-10,감자(가상품종),상품,WHOLESALE,20kg,43920.0,2.196,가상도매시장,서울,MOCK-KAMIS,MOCK-ING014,2026-09-16T07:00:00+09:00
415,14,2026-09-11,감자(가상품종),상품,WHOLESALE,20kg,43840.0,2.192,가상도매시장,서울,MOCK-KAMIS,MOCK-ING014,2026-09-16T07:00:00+09:00
416,14,2026-09-12,감자(가상품종),상품,WHOLESALE,20kg,43722.0,2.1861,가상도매시장,서울,MOCK-KAMIS,MOCK-ING014,2026-09-16T07:00:00+09:00
417,14,2026-09-13,감자(가상품종),상품,WHOLESALE,20kg,43582.0,2.1791,가상도매시장,서울,MOCK-KAMIS,MOCK-ING014,2026-09-16T07:00:00+09:00
418,14,2026-09-14,감자(가상품종),상품,WHOLESALE,20kg,43434.0,2.1717,가상도매시장,서울,MOCK-KAMIS,MOCK-ING014,2026-09-16T07:00:00+09:00
419,14,2026-09-15,감자(가상품종),상품,WHOLESALE,20kg,43296.0,2.1648,가상도매시장,서울,MOCK-KAMIS,MOCK-ING014,2026-09-16T07:00:00+09:00
420,14,2026-09-16,감자(가상품종),상품,WHOLESALE,20kg,43184.0,2.1592,가상도매시장,서울,MOCK-KAMIS,MOCK-ING014,2026-09-16T07:00:00+09:00
421,15,2026-08-18,,상품,WHOLESALE,20kg,44266.0,2.2133,가상도매시장,서울,MOCK-KAMIS,MOCK-ING015,2026-09-16T07:00:00+09:00
422,15,2026-08-19,,상품,WHOLESALE,20kg,44246.0,2.2123,가상도매시장,서울,MOCK-KAMIS,MOCK-ING015,2026-09-16T07:00:00+09:00
423,15,2026-08-20,,상품,WHOLESALE,20kg,44192.0,2.2096,가상도매시장,서울,MOCK-KAMIS,MOCK-ING015,2026-09-16T07:00:00+09:00
424,15,2026-08-21,,상품,WHOLESALE,20kg,44108.0,2.2054,가상도매시장,서울,MOCK-KAMIS,MOCK-ING015,2026-09-16T07:00:00+09:00
425,15,2026-08-22,,상품,WHOLESALE,20kg,44010.0,2.2005,가상도매시장,서울,MOCK-KAMIS,MOCK-ING015,2026-09-16T07:00:00+09:00
426,15,2026-08-23,,상품,WHOLESALE,20kg,43908.0,2.1954,가상도매시장,서울,MOCK-KAMIS,MOCK-ING015,2026-09-16T07:00:00+09:00
427,15,2026-08-24,,상품,WHOLESALE,20kg,43820.0,2.191,가상도매시장,서울,MOCK-KAMIS,MOCK-ING015,2026-09-16T07:00:00+09:00
428,15,2026-08-25,,상품,WHOLESALE,20kg,43758.0,2.1879,가상도매시장,서울,MOCK-KAMIS,MOCK-ING015,2026-09-16T07:00:00+09:00
429,15,2026-08-26,,상품,WHOLESALE,20kg,43734.0,2.1867,가상도매시장,서울,MOCK-KAMIS,MOCK-ING015,2026-09-16T07:00:00+09:00
430,15,2026-08-27,,상품,WHOLESALE,20kg,43756.0,2.1878,가상도매시장,서울,MOCK-KAMIS,MOCK-ING015,2026-09-16T07:00:00+09:00
431,15,2026-08-28,,상품,WHOLESALE,20kg,43828.0,2.1914,가상도매시장,서울,MOCK-KAMIS,MOCK-ING015,2026-09-16T07:00:00+09:00
432,15,2026-08-29,,상품,WHOLESALE,20kg,43950.0,2.1975,가상도매시장,서울,MOCK-KAMIS,MOCK-ING015,2026-09-16T07:00:00+09:00
433,15,2026-08-30,,상품,WHOLESALE,20kg,44114.0,2.2057,가상도매시장,서울,MOCK-KAMIS,MOCK-ING015,2026-09-16T07:00:00+09:00
434,15,2026-08-31,,상품,WHOLESALE,20kg,44310.0,2.2155,가상도매시장,서울,MOCK-KAMIS,MOCK-ING015,2026-09-16T07:00:00+09:00
435,15,2026-09-01,,상품,WHOLESALE,20kg,44526.0,2.2263,가상도매시장,서울,MOCK-KAMIS,MOCK-ING015,2026-09-16T07:00:00+09:00
436,15,2026-09-02,,상품,WHOLESALE,20kg,44746.0,2.2373,가상도매시장,서울,MOCK-KAMIS,MOCK-ING015,2026-09-16T07:00:00+09:00
437,15,2026-09-03,,상품,WHOLESALE,20kg,44950.0,2.2475,가상도매시장,서울,MOCK-KAMIS,MOCK-ING015,2026-09-16T07:00:00+09:00
438,15,2026-09-04,,상품,WHOLESALE,20kg,45126.0,2.2563,가상도매시장,서울,MOCK-KAMIS,MOCK-ING015,2026-09-16T07:00:00+09:00
439,15,2026-09-05,,상품,WHOLESALE,20kg,45258.0,2.2629,가상도매시장,서울,MOCK-KAMIS,MOCK-ING015,2026-09-16T07:00:00+09:00
440,15,2026-09-06,,상품,WHOLESALE,20kg,45336.0,2.2668,가상도매시장,서울,MOCK-KAMIS,MOCK-ING015,2026-09-16T07:00:00+09:00
441,15,2026-09-07,,상품,WHOLESALE,20kg,45354.0,2.2677,가상도매시장,서울,MOCK-KAMIS,MOCK-ING015,2026-09-16T07:00:00+09:00
442,15,2026-09-08,,상품,WHOLESALE,20kg,45314.0,2.2657,가상도매시장,서울,MOCK-KAMIS,MOCK-ING015,2026-09-16T07:00:00+09:00
443,15,2026-09-09,,상품,WHOLESALE,20kg,45218.0,2.2609,가상도매시장,서울,MOCK-KAMIS,MOCK-ING015,2026-09-16T07:00:00+09:00
444,15,2026-09-10,,상품,WHOLESALE,20kg,45078.0,2.2539,가상도매시장,서울,MOCK-KAMIS,MOCK-ING015,2026-09-16T07:00:00+09:00
445,15,2026-09-11,,상품,WHOLESALE,20kg,44908.0,2.2454,가상도매시장,서울,MOCK-KAMIS,MOCK-ING015,2026-09-16T07:00:00+09:00
446,15,2026-09-12,,상품,WHOLESALE,20kg,44722.0,2.2361,가상도매시장,서울,MOCK-KAMIS,MOCK-ING015,2026-09-16T07:00:00+09:00
447,15,2026-09-13,,상품,WHOLESALE,20kg,44542.0,2.2271,가상도매시장,서울,MOCK-KAMIS,MOCK-ING015,2026-09-16T07:00:00+09:00
448,15,2026-09-14,,상품,WHOLESALE,20kg,44382.0,2.2191,가상도매시장,서울,MOCK-KAMIS,MOCK-ING015,2026-09-16T07:00:00+09:00
449,15,2026-09-15,,상품,WHOLESALE,20kg,44258.0,2.2129,가상도매시장,서울,MOCK-KAMIS,MOCK-ING015,2026-09-16T07:00:00+09:00
450,15,2026-09-16,,상품,WHOLESALE,20kg,44184.0,2.2092,가상도매시장,서울,MOCK-KAMIS,MOCK-ING015,2026-09-16T07:00:00+09:00
451,16,2026-08-18,,상품,WHOLESALE,4kg,26093.0,6.5233,가상도매시장,서울,MOCK-KAMIS,MOCK-ING016,2026-09-16T07:00:00+09:00
452,16,2026-08-19,,상품,WHOLESALE,4kg,26080.0,6.52,가상도매시장,서울,MOCK-KAMIS,MOCK-ING016,2026-09-16T07:00:00+09:00
453,16,2026-08-20,,상품,WHOLESALE,4kg,26055.0,6.5138,가상도매시장,서울,MOCK-KAMIS,MOCK-ING016,2026-09-16T07:00:00+09:00
454,16,2026-08-21,,상품,WHOLESALE,4kg,26027.0,6.5068,가상도매시장,서울,MOCK-KAMIS,MOCK-ING016,2026-09-16T07:00:00+09:00
455,16,2026-08-22,,상품,WHOLESALE,4kg,26004.0,6.5011,가상도매시장,서울,MOCK-KAMIS,MOCK-ING016,2026-09-16T07:00:00+09:00
456,16,2026-08-23,,상품,WHOLESALE,4kg,25996.0,6.499,가상도매시장,서울,MOCK-KAMIS,MOCK-ING016,2026-09-16T07:00:00+09:00
457,16,2026-08-24,,상품,WHOLESALE,4kg,26008.0,6.5021,가상도매시장,서울,MOCK-KAMIS,MOCK-ING016,2026-09-16T07:00:00+09:00
458,16,2026-08-25,,상품,WHOLESALE,4kg,26048.0,6.512,가상도매시장,서울,MOCK-KAMIS,MOCK-ING016,2026-09-16T07:00:00+09:00
459,16,2026-08-26,,상품,WHOLESALE,4kg,26117.0,6.5293,가상도매시장,서울,MOCK-KAMIS,MOCK-ING016,2026-09-16T07:00:00+09:00
460,16,2026-08-27,,상품,WHOLESALE,4kg,26217.0,6.5543,가상도매시장,서울,MOCK-KAMIS,MOCK-ING016,2026-09-16T07:00:00+09:00
461,16,2026-08-28,,상품,WHOLESALE,4kg,26344.0,6.5861,가상도매시장,서울,MOCK-KAMIS,MOCK-ING016,2026-09-16T07:00:00+09:00
462,16,2026-08-29,,상품,WHOLESALE,4kg,26494.0,6.6235,가상도매시장,서울,MOCK-KAMIS,MOCK-ING016,2026-09-16T07:00:00+09:00
463,16,2026-08-30,,상품,WHOLESALE,4kg,26658.0,6.6645,가상도매시장,서울,MOCK-KAMIS,MOCK-ING016,2026-09-16T07:00:00+09:00
464,16,2026-08-31,,상품,WHOLESALE,4kg,26827.0,6.7068,가상도매시장,서울,MOCK-KAMIS,MOCK-ING016,2026-09-16T07:00:00+09:00
465,16,2026-09-01,,상품,WHOLESALE,4kg,26992.0,6.7479,가상도매시장,서울,MOCK-KAMIS,MOCK-ING016,2026-09-16T07:00:00+09:00
466,16,2026-09-02,,상품,WHOLESALE,4kg,27141.0,6.7853,가상도매시장,서울,MOCK-KAMIS,MOCK-ING016,2026-09-16T07:00:00+09:00
467,16,2026-09-03,,상품,WHOLESALE,4kg,27268.0,6.8169,가상도매시장,서울,MOCK-KAMIS,MOCK-ING016,2026-09-16T07:00:00+09:00
468,16,2026-09-04,,상품,WHOLESALE,4kg,27364.0,6.8409,가상도매시장,서울,MOCK-KAMIS,MOCK-ING016,2026-09-16T07:00:00+09:00
469,16,2026-09-05,,상품,WHOLESALE,4kg,27425.0,6.8562,가상도매시장,서울,MOCK-KAMIS,MOCK-ING016,2026-09-16T07:00:00+09:00
470,16,2026-09-06,,상품,WHOLESALE,4kg,27451.0,6.8627,가상도매시장,서울,MOCK-KAMIS,MOCK-ING016,2026-09-16T07:00:00+09:00
471,16,2026-09-07,,상품,WHOLESALE,4kg,27442.0,6.8606,가상도매시장,서울,MOCK-KAMIS,MOCK-ING016,2026-09-16T07:00:00+09:00
472,16,2026-09-08,,상품,WHOLESALE,4kg,27405.0,6.8513,가상도매시장,서울,MOCK-KAMIS,MOCK-ING016,2026-09-16T07:00:00+09:00
473,16,2026-09-09,,상품,WHOLESALE,4kg,27347.0,6.8367,가상도매시장,서울,MOCK-KAMIS,MOCK-ING016,2026-09-16T07:00:00+09:00
474,16,2026-09-10,,상품,WHOLESALE,4kg,27276.0,6.8189,가상도매시장,서울,MOCK-KAMIS,MOCK-ING016,2026-09-16T07:00:00+09:00
475,16,2026-09-11,,상품,WHOLESALE,4kg,27203.0,6.8007,가상도매시장,서울,MOCK-KAMIS,MOCK-ING016,2026-09-16T07:00:00+09:00
476,16,2026-09-12,,상품,WHOLESALE,4kg,27139.0,6.7847,가상도매시장,서울,MOCK-KAMIS,MOCK-ING016,2026-09-16T07:00:00+09:00
477,16,2026-09-13,,상품,WHOLESALE,4kg,27093.0,6.7732,가상도매시장,서울,MOCK-KAMIS,MOCK-ING016,2026-09-16T07:00:00+09:00
478,16,2026-09-14,,상품,WHOLESALE,4kg,27073.0,6.7683,가상도매시장,서울,MOCK-KAMIS,MOCK-ING016,2026-09-16T07:00:00+09:00
479,16,2026-09-15,,상품,WHOLESALE,4kg,27085.0,6.7713,가상도매시장,서울,MOCK-KAMIS,MOCK-ING016,2026-09-16T07:00:00+09:00
480,16,2026-09-16,,상품,WHOLESALE,4kg,27132.0,6.783,가상도매시장,서울,MOCK-KAMIS,MOCK-ING016,2026-09-16T07:00:00+09:00
481,17,2026-08-18,,상품,WHOLESALE,4kg,8789.0,2.1972,가상도매시장,서울,MOCK-KAMIS,MOCK-ING017,2026-09-16T07:00:00+09:00
482,17,2026-08-19,,상품,WHOLESALE,4kg,8766.0,2.1914,가상도매시장,서울,MOCK-KAMIS,MOCK-ING017,2026-09-16T07:00:00+09:00
483,17,2026-08-20,,상품,WHOLESALE,4kg,8744.0,2.186,가상도매시장,서울,MOCK-KAMIS,MOCK-ING017,2026-09-16T07:00:00+09:00
484,17,2026-08-21,,상품,WHOLESALE,4kg,8726.0,2.1815,가상도매시장,서울,MOCK-KAMIS,MOCK-ING017,2026-09-16T07:00:00+09:00
485,17,2026-08-22,,상품,WHOLESALE,4kg,8715.0,2.1787,가상도매시장,서울,MOCK-KAMIS,MOCK-ING017,2026-09-16T07:00:00+09:00
486,17,2026-08-23,,상품,WHOLESALE,4kg,8713.0,2.1782,가상도매시장,서울,MOCK-KAMIS,MOCK-ING017,2026-09-16T07:00:00+09:00
487,17,2026-08-24,,상품,WHOLESALE,4kg,8721.0,2.1802,가상도매시장,서울,MOCK-KAMIS,MOCK-ING017,2026-09-16T07:00:00+09:00
488,17,2026-08-25,,상품,WHOLESALE,4kg,8739.0,2.1848,가상도매시장,서울,MOCK-KAMIS,MOCK-ING017,2026-09-16T07:00:00+09:00
489,17,2026-08-26,,상품,WHOLESALE,4kg,8768.0,2.1919,가상도매시장,서울,MOCK-KAMIS,MOCK-ING017,2026-09-16T07:00:00+09:00
490,17,2026-08-27,,상품,WHOLESALE,4kg,8805.0,2.2012,가상도매시장,서울,MOCK-KAMIS,MOCK-ING017,2026-09-16T07:00:00+09:00
491,17,2026-08-28,,상품,WHOLESALE,4kg,8848.0,2.2119,가상도매시장,서울,MOCK-KAMIS,MOCK-ING017,2026-09-16T07:00:00+09:00
492,17,2026-08-29,,상품,WHOLESALE,4kg,8894.0,2.2234,가상도매시장,서울,MOCK-KAMIS,MOCK-ING017,2026-09-16T07:00:00+09:00
493,17,2026-08-30,,상품,WHOLESALE,4kg,8939.0,2.2348,가상도매시장,서울,MOCK-KAMIS,MOCK-ING017,2026-09-16T07:00:00+09:00
494,17,2026-08-31,,상품,WHOLESALE,4kg,8981.0,2.2452,가상도매시장,서울,MOCK-KAMIS,MOCK-ING017,2026-09-16T07:00:00+09:00
495,17,2026-09-01,,상품,WHOLESALE,4kg,9015.0,2.2538,가상도매시장,서울,MOCK-KAMIS,MOCK-ING017,2026-09-16T07:00:00+09:00
496,17,2026-09-02,,상품,WHOLESALE,4kg,9040.0,2.2601,가상도매시장,서울,MOCK-KAMIS,MOCK-ING017,2026-09-16T07:00:00+09:00
497,17,2026-09-03,,상품,WHOLESALE,4kg,9054.0,2.2635,가상도매시장,서울,MOCK-KAMIS,MOCK-ING017,2026-09-16T07:00:00+09:00
498,17,2026-09-04,,상품,WHOLESALE,4kg,9056.0,2.2639,가상도매시장,서울,MOCK-KAMIS,MOCK-ING017,2026-09-16T07:00:00+09:00
499,17,2026-09-05,,상품,WHOLESALE,4kg,9045.0,2.2613,가상도매시장,서울,MOCK-KAMIS,MOCK-ING017,2026-09-16T07:00:00+09:00
500,17,2026-09-06,,상품,WHOLESALE,4kg,9024.0,2.256,가상도매시장,서울,MOCK-KAMIS,MOCK-ING017,2026-09-16T07:00:00+09:00
501,17,2026-09-07,,상품,WHOLESALE,4kg,8995.0,2.2487,가상도매시장,서울,MOCK-KAMIS,MOCK-ING017,2026-09-16T07:00:00+09:00
502,17,2026-09-08,,상품,WHOLESALE,4kg,8960.0,2.24,가상도매시장,서울,MOCK-KAMIS,MOCK-ING017,2026-09-16T07:00:00+09:00
503,17,2026-09-09,,상품,WHOLESALE,4kg,8924.0,2.2309,가상도매시장,서울,MOCK-KAMIS,MOCK-ING017,2026-09-16T07:00:00+09:00
504,17,2026-09-10,,상품,WHOLESALE,4kg,8888.0,2.2221,가상도매시장,서울,MOCK-KAMIS,MOCK-ING017,2026-09-16T07:00:00+09:00
505,17,2026-09-11,,상품,WHOLESALE,4kg,8858.0,2.2146,가상도매시장,서울,MOCK-KAMIS,MOCK-ING017,2026-09-16T07:00:00+09:00
506,17,2026-09-12,,상품,WHOLESALE,4kg,8836.0,2.2091,가상도매시장,서울,MOCK-KAMIS,MOCK-ING017,2026-09-16T07:00:00+09:00
507,17,2026-09-13,,상품,WHOLESALE,4kg,8824.0,2.206,가상도매시장,서울,MOCK-KAMIS,MOCK-ING017,2026-09-16T07:00:00+09:00
508,17,2026-09-14,,상품,WHOLESALE,4kg,8823.0,2.2058,가상도매시장,서울,MOCK-KAMIS,MOCK-ING017,2026-09-16T07:00:00+09:00
509,17,2026-09-15,,상품,WHOLESALE,4kg,8834.0,2.2085,가상도매시장,서울,MOCK-KAMIS,MOCK-ING017,2026-09-16T07:00:00+09:00
510,17,2026-09-16,,상품,WHOLESALE,4kg,8855.0,2.2138,가상도매시장,서울,MOCK-KAMIS,MOCK-ING017,2026-09-16T07:00:00+09:00
511,18,2026-08-18,,상품,WHOLESALE,1kg,3376.0,3.3755,가상도매시장,서울,MOCK-KAMIS,MOCK-ING018,2026-09-16T07:00:00+09:00
512,18,2026-08-19,,상품,WHOLESALE,1kg,3369.0,3.3687,가상도매시장,서울,MOCK-KAMIS,MOCK-ING018,2026-09-16T07:00:00+09:00
513,18,2026-08-20,,상품,WHOLESALE,1kg,3364.0,3.3643,가상도매시장,서울,MOCK-KAMIS,MOCK-ING018,2026-09-16T07:00:00+09:00
514,18,2026-08-21,,상품,WHOLESALE,1kg,3363.0,3.3632,가상도매시장,서울,MOCK-KAMIS,MOCK-ING018,2026-09-16T07:00:00+09:00
515,18,2026-08-22,,상품,WHOLESALE,1kg,3366.0,3.366,가상도매시장,서울,MOCK-KAMIS,MOCK-ING018,2026-09-16T07:00:00+09:00
516,18,2026-08-23,,상품,WHOLESALE,1kg,3373.0,3.373,가상도매시장,서울,MOCK-KAMIS,MOCK-ING018,2026-09-16T07:00:00+09:00
517,18,2026-08-24,,상품,WHOLESALE,1kg,3384.0,3.3841,가상도매시장,서울,MOCK-KAMIS,MOCK-ING018,2026-09-16T07:00:00+09:00
518,18,2026-08-25,,상품,WHOLESALE,1kg,3399.0,3.3987,가상도매시장,서울,MOCK-KAMIS,MOCK-ING018,2026-09-16T07:00:00+09:00
519,18,2026-08-26,,상품,WHOLESALE,1kg,3416.0,3.4161,가상도매시장,서울,MOCK-KAMIS,MOCK-ING018,2026-09-16T07:00:00+09:00
520,18,2026-08-27,,상품,WHOLESALE,1kg,3435.0,3.4351,가상도매시장,서울,MOCK-KAMIS,MOCK-ING018,2026-09-16T07:00:00+09:00
521,18,2026-08-28,,상품,WHOLESALE,1kg,3454.0,3.4544,가상도매시장,서울,MOCK-KAMIS,MOCK-ING018,2026-09-16T07:00:00+09:00
522,18,2026-08-29,,상품,WHOLESALE,1kg,3473.0,3.4727,가상도매시장,서울,MOCK-KAMIS,MOCK-ING018,2026-09-16T07:00:00+09:00
523,18,2026-08-30,,상품,WHOLESALE,1kg,3489.0,3.4887,가상도매시장,서울,MOCK-KAMIS,MOCK-ING018,2026-09-16T07:00:00+09:00
524,18,2026-08-31,,상품,WHOLESALE,1kg,3501.0,3.5013,가상도매시장,서울,MOCK-KAMIS,MOCK-ING018,2026-09-16T07:00:00+09:00
525,18,2026-09-01,,상품,WHOLESALE,1kg,3510.0,3.5096,가상도매시장,서울,MOCK-KAMIS,MOCK-ING018,2026-09-16T07:00:00+09:00
526,18,2026-09-02,,상품,WHOLESALE,1kg,3513.0,3.5133,가상도매시장,서울,MOCK-KAMIS,MOCK-ING018,2026-09-16T07:00:00+09:00
527,18,2026-09-03,,상품,WHOLESALE,1kg,3512.0,3.5124,가상도매시장,서울,MOCK-KAMIS,MOCK-ING018,2026-09-16T07:00:00+09:00
528,18,2026-09-04,,상품,WHOLESALE,1kg,3507.0,3.5071,가상도매시장,서울,MOCK-KAMIS,MOCK-ING018,2026-09-16T07:00:00+09:00
529,18,2026-09-05,,상품,WHOLESALE,1kg,3498.0,3.4982,가상도매시장,서울,MOCK-KAMIS,MOCK-ING018,2026-09-16T07:00:00+09:00
530,18,2026-09-06,,상품,WHOLESALE,1kg,3487.0,3.4868,가상도매시장,서울,MOCK-KAMIS,MOCK-ING018,2026-09-16T07:00:00+09:00
531,18,2026-09-07,,상품,WHOLESALE,1kg,3474.0,3.4741,가상도매시장,서울,MOCK-KAMIS,MOCK-ING018,2026-09-16T07:00:00+09:00
532,18,2026-09-08,,상품,WHOLESALE,1kg,3462.0,3.4615,가상도매시장,서울,MOCK-KAMIS,MOCK-ING018,2026-09-16T07:00:00+09:00
533,18,2026-09-09,,상품,WHOLESALE,1kg,3450.0,3.4504,가상도매시장,서울,MOCK-KAMIS,MOCK-ING018,2026-09-16T07:00:00+09:00
534,18,2026-09-10,,상품,WHOLESALE,1kg,3442.0,3.4419,가상도매시장,서울,MOCK-KAMIS,MOCK-ING018,2026-09-16T07:00:00+09:00
535,18,2026-09-11,,상품,WHOLESALE,1kg,3437.0,3.437,가상도매시장,서울,MOCK-KAMIS,MOCK-ING018,2026-09-16T07:00:00+09:00
536,18,2026-09-12,,상품,WHOLESALE,1kg,3436.0,3.4362,가상도매시장,서울,MOCK-KAMIS,MOCK-ING018,2026-09-16T07:00:00+09:00
537,18,2026-09-13,,상품,WHOLESALE,1kg,3440.0,3.4398,가상도매시장,서울,MOCK-KAMIS,MOCK-ING018,2026-09-16T07:00:00+09:00
538,18,2026-09-14,,상품,WHOLESALE,1kg,3448.0,3.4475,가상도매시장,서울,MOCK-KAMIS,MOCK-ING018,2026-09-16T07:00:00+09:00
539,18,2026-09-15,,상품,WHOLESALE,1kg,3459.0,3.4589,가상도매시장,서울,MOCK-KAMIS,MOCK-ING018,2026-09-16T07:00:00+09:00
540,18,2026-09-16,,상품,WHOLESALE,1kg,3473.0,3.473,가상도매시장,서울,MOCK-KAMIS,MOCK-ING018,2026-09-16T07:00:00+09:00
541,19,2026-08-18,,상품,WHOLESALE,1kg,3555.0,3.5552,가상도매시장,서울,MOCK-KAMIS,MOCK-ING019,2026-09-16T07:00:00+09:00
542,19,2026-08-19,,상품,WHOLESALE,1kg,3548.0,3.5475,가상도매시장,서울,MOCK-KAMIS,MOCK-ING019,2026-09-16T07:00:00+09:00
543,19,2026-08-20,,상품,WHOLESALE,1kg,3544.0,3.5439,가상도매시장,서울,MOCK-KAMIS,MOCK-ING019,2026-09-16T07:00:00+09:00
544,19,2026-08-21,,상품,WHOLESALE,1kg,3545.0,3.5447,가상도매시장,서울,MOCK-KAMIS,MOCK-ING019,2026-09-16T07:00:00+09:00
545,19,2026-08-22,,상품,WHOLESALE,1kg,3550.0,3.5501,가상도매시장,서울,MOCK-KAMIS,MOCK-ING019,2026-09-16T07:00:00+09:00
546,19,2026-08-23,,상품,WHOLESALE,1kg,3560.0,3.5595,가상도매시장,서울,MOCK-KAMIS,MOCK-ING019,2026-09-16T07:00:00+09:00
547,19,2026-08-24,,상품,WHOLESALE,1kg,3572.0,3.5723,가상도매시장,서울,MOCK-KAMIS,MOCK-ING019,2026-09-16T07:00:00+09:00
548,19,2026-08-25,,상품,WHOLESALE,1kg,3587.0,3.5873,가상도매시장,서울,MOCK-KAMIS,MOCK-ING019,2026-09-16T07:00:00+09:00
549,19,2026-08-26,,상품,WHOLESALE,1kg,3603.0,3.6031,가상도매시장,서울,MOCK-KAMIS,MOCK-ING019,2026-09-16T07:00:00+09:00
550,19,2026-08-27,,상품,WHOLESALE,1kg,3618.0,3.6184,가상도매시장,서울,MOCK-KAMIS,MOCK-ING019,2026-09-16T07:00:00+09:00
551,19,2026-08-28,,상품,WHOLESALE,1kg,3632.0,3.6317,가상도매시장,서울,MOCK-KAMIS,MOCK-ING019,2026-09-16T07:00:00+09:00
552,19,2026-08-29,,상품,WHOLESALE,1kg,3642.0,3.6417,가상도매시장,서울,MOCK-KAMIS,MOCK-ING019,2026-09-16T07:00:00+09:00
553,19,2026-08-30,,상품,WHOLESALE,1kg,3648.0,3.6476,가상도매시장,서울,MOCK-KAMIS,MOCK-ING019,2026-09-16T07:00:00+09:00
554,19,2026-08-31,,상품,WHOLESALE,1kg,3649.0,3.6487,가상도매시장,서울,MOCK-KAMIS,MOCK-ING019,2026-09-16T07:00:00+09:00
555,19,2026-09-01,,상품,WHOLESALE,1kg,3645.0,3.6447,가상도매시장,서울,MOCK-KAMIS,MOCK-ING019,2026-09-16T07:00:00+09:00
556,19,2026-09-02,,상품,WHOLESALE,1kg,3636.0,3.636,가상도매시장,서울,MOCK-KAMIS,MOCK-ING019,2026-09-16T07:00:00+09:00
557,19,2026-09-03,,상품,WHOLESALE,1kg,3623.0,3.6231,가상도매시장,서울,MOCK-KAMIS,MOCK-ING019,2026-09-16T07:00:00+09:00
558,19,2026-09-04,,상품,WHOLESALE,1kg,3607.0,3.6072,가상도매시장,서울,MOCK-KAMIS,MOCK-ING019,2026-09-16T07:00:00+09:00
559,19,2026-09-05,,상품,WHOLESALE,1kg,3589.0,3.5894,가상도매시장,서울,MOCK-KAMIS,MOCK-ING019,2026-09-16T07:00:00+09:00
560,19,2026-09-06,,상품,WHOLESALE,1kg,3571.0,3.5712,가상도매시장,서울,MOCK-KAMIS,MOCK-ING019,2026-09-16T07:00:00+09:00
561,19,2026-09-07,,상품,WHOLESALE,1kg,3554.0,3.554,가상도매시장,서울,MOCK-KAMIS,MOCK-ING019,2026-09-16T07:00:00+09:00
562,19,2026-09-08,,상품,WHOLESALE,1kg,3539.0,3.5391,가상도매시장,서울,MOCK-KAMIS,MOCK-ING019,2026-09-16T07:00:00+09:00
563,19,2026-09-09,,상품,WHOLESALE,1kg,3528.0,3.5276,가상도매시장,서울,MOCK-KAMIS,MOCK-ING019,2026-09-16T07:00:00+09:00
564,19,2026-09-10,,상품,WHOLESALE,1kg,3520.0,3.5202,가상도매시장,서울,MOCK-KAMIS,MOCK-ING019,2026-09-16T07:00:00+09:00
565,19,2026-09-11,,상품,WHOLESALE,1kg,3517.0,3.5173,가상도매시장,서울,MOCK-KAMIS,MOCK-ING019,2026-09-16T07:00:00+09:00
566,19,2026-09-12,,상품,WHOLESALE,1kg,3519.0,3.5189,가상도매시장,서울,MOCK-KAMIS,MOCK-ING019,2026-09-16T07:00:00+09:00
567,19,2026-09-13,,상품,WHOLESALE,1kg,3524.0,3.5244,가상도매시장,서울,MOCK-KAMIS,MOCK-ING019,2026-09-16T07:00:00+09:00
568,19,2026-09-14,,상품,WHOLESALE,1kg,3533.0,3.5331,가상도매시장,서울,MOCK-KAMIS,MOCK-ING019,2026-09-16T07:00:00+09:00
569,19,2026-09-15,,상품,WHOLESALE,1kg,3544.0,3.5439,가상도매시장,서울,MOCK-KAMIS,MOCK-ING019,2026-09-16T07:00:00+09:00
570,19,2026-09-16,,상품,WHOLESALE,1kg,3555.0,3.5554,가상도매시장,서울,MOCK-KAMIS,MOCK-ING019,2026-09-16T07:00:00+09:00
571,20,2026-08-18,,상품,WHOLESALE,1kg,5120.0,5.1197,가상도매시장,서울,MOCK-KAMIS,MOCK-ING020,2026-09-16T07:00:00+09:00
572,20,2026-08-19,,상품,WHOLESALE,1kg,5124.0,5.1238,가상도매시장,서울,MOCK-KAMIS,MOCK-ING020,2026-09-16T07:00:00+09:00
573,20,2026-08-20,,상품,WHOLESALE,1kg,5135.0,5.1347,가상도매시장,서울,MOCK-KAMIS,MOCK-ING020,2026-09-16T07:00:00+09:00
574,20,2026-08-21,,상품,WHOLESALE,1kg,5152.0,5.1518,가상도매시장,서울,MOCK-KAMIS,MOCK-ING020,2026-09-16T07:00:00+09:00
575,20,2026-08-22,,상품,WHOLESALE,1kg,5174.0,5.1744,가상도매시장,서울,MOCK-KAMIS,MOCK-ING020,2026-09-16T07:00:00+09:00
576,20,2026-08-23,,상품,WHOLESALE,1kg,5201.0,5.2007,가상도매시장,서울,MOCK-KAMIS,MOCK-ING020,2026-09-16T07:00:00+09:00
577,20,2026-08-24,,상품,WHOLESALE,1kg,5229.0,5.2291,가상도매시장,서울,MOCK-KAMIS,MOCK-ING020,2026-09-16T07:00:00+09:00
578,20,2026-08-25,,상품,WHOLESALE,1kg,5258.0,5.2575,가상도매시장,서울,MOCK-KAMIS,MOCK-ING020,2026-09-16T07:00:00+09:00
579,20,2026-08-26,,상품,WHOLESALE,1kg,5284.0,5.2837,가상도매시장,서울,MOCK-KAMIS,MOCK-ING020,2026-09-16T07:00:00+09:00
580,20,2026-08-27,,상품,WHOLESALE,1kg,5306.0,5.3058,가상도매시장,서울,MOCK-KAMIS,MOCK-ING020,2026-09-16T07:00:00+09:00
581,20,2026-08-28,,상품,WHOLESALE,1kg,5322.0,5.3224,가상도매시장,서울,MOCK-KAMIS,MOCK-ING020,2026-09-16T07:00:00+09:00
582,20,2026-08-29,,상품,WHOLESALE,1kg,5332.0,5.3322,가상도매시장,서울,MOCK-KAMIS,MOCK-ING020,2026-09-16T07:00:00+09:00
583,20,2026-08-30,,상품,WHOLESALE,1kg,5335.0,5.3349,가상도매시장,서울,MOCK-KAMIS,MOCK-ING020,2026-09-16T07:00:00+09:00
584,20,2026-08-31,,상품,WHOLESALE,1kg,5330.0,5.3305,가상도매시장,서울,MOCK-KAMIS,MOCK-ING020,2026-09-16T07:00:00+09:00
585,20,2026-09-01,,상품,WHOLESALE,1kg,5320.0,5.3197,가상도매시장,서울,MOCK-KAMIS,MOCK-ING020,2026-09-16T07:00:00+09:00
586,20,2026-09-02,,상품,WHOLESALE,1kg,5304.0,5.3039,가상도매시장,서울,MOCK-KAMIS,MOCK-ING020,2026-09-16T07:00:00+09:00
587,20,2026-09-03,,상품,WHOLESALE,1kg,5285.0,5.2848,가상도매시장,서울,MOCK-KAMIS,MOCK-ING020,2026-09-16T07:00:00+09:00
588,20,2026-09-04,,상품,WHOLESALE,1kg,5264.0,5.2644,가상도매시장,서울,MOCK-KAMIS,MOCK-ING020,2026-09-16T07:00:00+09:00
589,20,2026-09-05,,상품,WHOLESALE,1kg,5245.0,5.2446,가상도매시장,서울,MOCK-KAMIS,MOCK-ING020,2026-09-16T07:00:00+09:00
590,20,2026-09-06,,상품,WHOLESALE,1kg,5228.0,5.2275,가상도매시장,서울,MOCK-KAMIS,MOCK-ING020,2026-09-16T07:00:00+09:00
591,20,2026-09-07,,상품,WHOLESALE,1kg,5215.0,5.2147,가상도매시장,서울,MOCK-KAMIS,MOCK-ING020,2026-09-16T07:00:00+09:00
592,20,2026-09-08,,상품,WHOLESALE,1kg,5207.0,5.2074,가상도매시장,서울,MOCK-KAMIS,MOCK-ING020,2026-09-16T07:00:00+09:00
593,20,2026-09-09,,상품,WHOLESALE,1kg,5206.0,5.2064,가상도매시장,서울,MOCK-KAMIS,MOCK-ING020,2026-09-16T07:00:00+09:00
594,20,2026-09-10,,상품,WHOLESALE,1kg,5212.0,5.2117,가상도매시장,서울,MOCK-KAMIS,MOCK-ING020,2026-09-16T07:00:00+09:00
595,20,2026-09-11,,상품,WHOLESALE,1kg,5223.0,5.2229,가상도매시장,서울,MOCK-KAMIS,MOCK-ING020,2026-09-16T07:00:00+09:00
596,20,2026-09-12,,상품,WHOLESALE,1kg,5239.0,5.2389,가상도매시장,서울,MOCK-KAMIS,MOCK-ING020,2026-09-16T07:00:00+09:00
597,20,2026-09-13,,상품,WHOLESALE,1kg,5258.0,5.2584,가상도매시장,서울,MOCK-KAMIS,MOCK-ING020,2026-09-16T07:00:00+09:00
598,20,2026-09-14,,상품,WHOLESALE,1kg,5280.0,5.2795,가상도매시장,서울,MOCK-KAMIS,MOCK-ING020,2026-09-16T07:00:00+09:00
599,20,2026-09-15,,상품,WHOLESALE,1kg,5300.0,5.3005,가상도매시장,서울,MOCK-KAMIS,MOCK-ING020,2026-09-16T07:00:00+09:00
600,20,2026-09-16,,상품,WHOLESALE,1kg,5320.0,5.3197,가상도매시장,서울,MOCK-KAMIS,MOCK-ING020,2026-09-16T07:00:00+09:00
601,21,2026-08-18,,상품,WHOLESALE,500g,8863.0,17.7263,가상도매시장,서울,MOCK-KAMIS,MOCK-ING021,2026-09-16T07:00:00+09:00
602,21,2026-08-19,,상품,WHOLESALE,500g,8883.0,17.7658,가상도매시장,서울,MOCK-KAMIS,MOCK-ING021,2026-09-16T07:00:00+09:00
603,21,2026-08-20,,상품,WHOLESALE,500g,8913.0,17.8256,가상도매시장,서울,MOCK-KAMIS,MOCK-ING021,2026-09-16T07:00:00+09:00
604,21,2026-08-21,,상품,WHOLESALE,500g,8950.0,17.901,가상도매시장,서울,MOCK-KAMIS,MOCK-ING021,2026-09-16T07:00:00+09:00
605,21,2026-08-22,,상품,WHOLESALE,500g,8993.0,17.9859,가상도매시장,서울,MOCK-KAMIS,MOCK-ING021,2026-09-16T07:00:00+09:00
606,21,2026-08-23,,상품,WHOLESALE,500g,9037.0,18.0734,가상도매시장,서울,MOCK-KAMIS,MOCK-ING021,2026-09-16T07:00:00+09:00
607,21,2026-08-24,,상품,WHOLESALE,500g,9078.0,18.1562,가상도매시장,서울,MOCK-KAMIS,MOCK-ING021,2026-09-16T07:00:00+09:00
608,21,2026-08-25,,상품,WHOLESALE,500g,9114.0,18.2273,가상도매시장,서울,MOCK-KAMIS,MOCK-ING021,2026-09-16T07:00:00+09:00
609,21,2026-08-26,,상품,WHOLESALE,500g,9140.0,18.2808,가상도매시장,서울,MOCK-KAMIS,MOCK-ING021,2026-09-16T07:00:00+09:00
610,21,2026-08-27,,상품,WHOLESALE,500g,9156.0,18.3124,가상도매시장,서울,MOCK-KAMIS,MOCK-ING021,2026-09-16T07:00:00+09:00
611,21,2026-08-28,,상품,WHOLESALE,500g,9160.0,18.3195,가상도매시장,서울,MOCK-KAMIS,MOCK-ING021,2026-09-16T07:00:00+09:00
612,21,2026-08-29,,상품,WHOLESALE,500g,9151.0,18.3019,가상도매시장,서울,MOCK-KAMIS,MOCK-ING021,2026-09-16T07:00:00+09:00
613,21,2026-08-30,,상품,WHOLESALE,500g,9131.0,18.2613,가상도매시장,서울,MOCK-KAMIS,MOCK-ING021,2026-09-16T07:00:00+09:00
614,21,2026-08-31,,상품,WHOLESALE,500g,9101.0,18.2017,가상도매시장,서울,MOCK-KAMIS,MOCK-ING021,2026-09-16T07:00:00+09:00
615,21,2026-09-01,,상품,WHOLESALE,500g,9064.0,18.1283,가상도매시장,서울,MOCK-KAMIS,MOCK-ING021,2026-09-16T07:00:00+09:00
616,21,2026-09-02,,상품,WHOLESALE,500g,9024.0,18.0479,가상도매시장,서울,MOCK-KAMIS,MOCK-ING021,2026-09-16T07:00:00+09:00
617,21,2026-09-03,,상품,WHOLESALE,500g,8984.0,17.9673,가상도매시장,서울,MOCK-KAMIS,MOCK-ING021,2026-09-16T07:00:00+09:00
618,21,2026-09-04,,상품,WHOLESALE,500g,8947.0,17.8934,가상도매시장,서울,MOCK-KAMIS,MOCK-ING021,2026-09-16T07:00:00+09:00
619,21,2026-09-05,,상품,WHOLESALE,500g,8916.0,17.8324,가상도매시장,서울,MOCK-KAMIS,MOCK-ING021,2026-09-16T07:00:00+09:00
620,21,2026-09-06,,상품,WHOLESALE,500g,8894.0,17.7889,가상도매시장,서울,MOCK-KAMIS,MOCK-ING021,2026-09-16T07:00:00+09:00
621,21,2026-09-07,,상품,WHOLESALE,500g,8883.0,17.7659,가상도매시장,서울,MOCK-KAMIS,MOCK-ING021,2026-09-16T07:00:00+09:00
622,21,2026-09-08,,상품,WHOLESALE,500g,8882.0,17.7644,가상도매시장,서울,MOCK-KAMIS,MOCK-ING021,2026-09-16T07:00:00+09:00
623,21,2026-09-09,,상품,WHOLESALE,500g,8892.0,17.7834,가상도매시장,서울,MOCK-KAMIS,MOCK-ING021,2026-09-16T07:00:00+09:00
624,21,2026-09-10,,상품,WHOLESALE,500g,8910.0,17.8199,가상도매시장,서울,MOCK-KAMIS,MOCK-ING021,2026-09-16T07:00:00+09:00
625,21,2026-09-11,,상품,WHOLESALE,500g,8935.0,17.8694,가상도매시장,서울,MOCK-KAMIS,MOCK-ING021,2026-09-16T07:00:00+09:00
626,21,2026-09-12,,상품,WHOLESALE,500g,8963.0,17.9264,가상도매시장,서울,MOCK-KAMIS,MOCK-ING021,2026-09-16T07:00:00+09:00
627,21,2026-09-13,,상품,WHOLESALE,500g,8992.0,17.9847,가상도매시장,서울,MOCK-KAMIS,MOCK-ING021,2026-09-16T07:00:00+09:00
628,21,2026-09-14,,상품,WHOLESALE,500g,9019.0,18.0383,가상도매시장,서울,MOCK-KAMIS,MOCK-ING021,2026-09-16T07:00:00+09:00
629,21,2026-09-15,,상품,WHOLESALE,500g,9041.0,18.0819,가상도매시장,서울,MOCK-KAMIS,MOCK-ING021,2026-09-16T07:00:00+09:00
630,21,2026-09-16,,상품,WHOLESALE,500g,9056.0,18.1113,가상도매시장,서울,MOCK-KAMIS,MOCK-ING021,2026-09-16T07:00:00+09:00
631,22,2026-08-18,,상품,RETAIL,1kg,11861.0,11.8612,계약납품업체,경기,MOCK-SUPPLIER,MOCK-ING022,2026-09-16T07:00:00+09:00
632,22,2026-08-19,,상품,RETAIL,1kg,11912.0,11.9124,계약납품업체,경기,MOCK-SUPPLIER,MOCK-ING022,2026-09-16T07:00:00+09:00
633,22,2026-08-20,,상품,RETAIL,1kg,11972.0,11.9716,계약납품업체,경기,MOCK-SUPPLIER,MOCK-ING022,2026-09-16T07:00:00+09:00
634,22,2026-08-21,,상품,RETAIL,1kg,12034.0,12.0344,계약납품업체,경기,MOCK-SUPPLIER,MOCK-ING022,2026-09-16T07:00:00+09:00
635,22,2026-08-22,,상품,RETAIL,1kg,12096.0,12.0959,계약납품업체,경기,MOCK-SUPPLIER,MOCK-ING022,2026-09-16T07:00:00+09:00
636,22,2026-08-23,,상품,RETAIL,1kg,12151.0,12.1512,계약납품업체,경기,MOCK-SUPPLIER,MOCK-ING022,2026-09-16T07:00:00+09:00
637,22,2026-08-24,,상품,RETAIL,1kg,12196.0,12.1962,계약납품업체,경기,MOCK-SUPPLIER,MOCK-ING022,2026-09-16T07:00:00+09:00
638,22,2026-08-25,,상품,RETAIL,1kg,12228.0,12.2276,계약납품업체,경기,MOCK-SUPPLIER,MOCK-ING022,2026-09-16T07:00:00+09:00
639,22,2026-08-26,,상품,RETAIL,1kg,12243.0,12.2432,계약납품업체,경기,MOCK-SUPPLIER,MOCK-ING022,2026-09-16T07:00:00+09:00
640,22,2026-08-27,,상품,RETAIL,1kg,12242.0,12.2424,계약납품업체,경기,MOCK-SUPPLIER,MOCK-ING022,2026-09-16T07:00:00+09:00
641,22,2026-08-28,,상품,RETAIL,1kg,12226.0,12.2258,계약납품업체,경기,MOCK-SUPPLIER,MOCK-ING022,2026-09-16T07:00:00+09:00
642,22,2026-08-29,,상품,RETAIL,1kg,12196.0,12.1955,계약납품업체,경기,MOCK-SUPPLIER,MOCK-ING022,2026-09-16T07:00:00+09:00
643,22,2026-08-30,,상품,RETAIL,1kg,12155.0,12.1549,계약납품업체,경기,MOCK-SUPPLIER,MOCK-ING022,2026-09-16T07:00:00+09:00
644,22,2026-08-31,,상품,RETAIL,1kg,12108.0,12.108,계약납품업체,경기,MOCK-SUPPLIER,MOCK-ING022,2026-09-16T07:00:00+09:00
645,22,2026-09-01,,상품,RETAIL,1kg,12059.0,12.0593,계약납품업체,경기,MOCK-SUPPLIER,MOCK-ING022,2026-09-16T07:00:00+09:00
646,22,2026-09-02,,상품,RETAIL,1kg,12014.0,12.0136,계약납품업체,경기,MOCK-SUPPLIER,MOCK-ING022,2026-09-16T07:00:00+09:00
647,22,2026-09-03,,상품,RETAIL,1kg,11975.0,11.9749,계약납품업체,경기,MOCK-SUPPLIER,MOCK-ING022,2026-09-16T07:00:00+09:00
648,22,2026-09-04,,상품,RETAIL,1kg,11947.0,11.9467,계약납품업체,경기,MOCK-SUPPLIER,MOCK-ING022,2026-09-16T07:00:00+09:00
649,22,2026-09-05,,상품,RETAIL,1kg,11931.0,11.9313,계약납품업체,경기,MOCK-SUPPLIER,MOCK-ING022,2026-09-16T07:00:00+09:00
650,22,2026-09-06,,상품,RETAIL,1kg,11930.0,11.9299,계약납품업체,경기,MOCK-SUPPLIER,MOCK-ING022,2026-09-16T07:00:00+09:00
651,22,2026-09-07,,상품,RETAIL,1kg,11942.0,11.9421,계약납품업체,경기,MOCK-SUPPLIER,MOCK-ING022,2026-09-16T07:00:00+09:00
652,22,2026-09-08,,상품,RETAIL,1kg,11966.0,11.9663,계약납품업체,경기,MOCK-SUPPLIER,MOCK-ING022,2026-09-16T07:00:00+09:00
653,22,2026-09-09,,상품,RETAIL,1kg,12000.0,12.0,계약납품업체,경기,MOCK-SUPPLIER,MOCK-ING022,2026-09-16T07:00:00+09:00
654,22,2026-09-10,,상품,RETAIL,1kg,12040.0,12.0395,계약납품업체,경기,MOCK-SUPPLIER,MOCK-ING022,2026-09-16T07:00:00+09:00
655,22,2026-09-11,,상품,RETAIL,1kg,12081.0,12.0809,계약납품업체,경기,MOCK-SUPPLIER,MOCK-ING022,2026-09-16T07:00:00+09:00
656,22,2026-09-12,,상품,RETAIL,1kg,12120.0,12.1202,계약납품업체,경기,MOCK-SUPPLIER,MOCK-ING022,2026-09-16T07:00:00+09:00
657,22,2026-09-13,,상품,RETAIL,1kg,12154.0,12.1538,계약납품업체,경기,MOCK-SUPPLIER,MOCK-ING022,2026-09-16T07:00:00+09:00
658,22,2026-09-14,,상품,RETAIL,1kg,12179.0,12.1787,계약납품업체,경기,MOCK-SUPPLIER,MOCK-ING022,2026-09-16T07:00:00+09:00
659,22,2026-09-15,,상품,RETAIL,1kg,12193.0,12.193,계약납품업체,경기,MOCK-SUPPLIER,MOCK-ING022,2026-09-16T07:00:00+09:00
660,22,2026-09-16,,상품,RETAIL,1kg,12196.0,12.1958,계약납품업체,경기,MOCK-SUPPLIER,MOCK-ING022,2026-09-16T07:00:00+09:00
661,23,2026-08-18,,상품,RETAIL,1kg,8952.0,8.9523,계약납품업체,경기,MOCK-SUPPLIER,MOCK-ING023,2026-09-16T07:00:00+09:00
662,23,2026-08-19,,상품,RETAIL,1kg,8999.0,8.999,계약납품업체,경기,MOCK-SUPPLIER,MOCK-ING023,2026-09-16T07:00:00+09:00
663,23,2026-08-20,,상품,RETAIL,1kg,9046.0,9.046,계약납품업체,경기,MOCK-SUPPLIER,MOCK-ING023,2026-09-16T07:00:00+09:00
664,23,2026-08-21,,상품,RETAIL,1kg,9090.0,9.0897,계약납품업체,경기,MOCK-SUPPLIER,MOCK-ING023,2026-09-16T07:00:00+09:00
665,23,2026-08-22,,상품,RETAIL,1kg,9127.0,9.1268,계약납품업체,경기,MOCK-SUPPLIER,MOCK-ING023,2026-09-16T07:00:00+09:00
666,23,2026-08-23,,상품,RETAIL,1kg,9155.0,9.1546,계약납품업체,경기,MOCK-SUPPLIER,MOCK-ING023,2026-09-16T07:00:00+09:00
667,23,2026-08-24,,상품,RETAIL,1kg,9171.0,9.1712,계약납품업체,경기,MOCK-SUPPLIER,MOCK-ING023,2026-09-16T07:00:00+09:00
668,23,2026-08-25,,상품,RETAIL,1kg,9176.0,9.1756,계약납품업체,경기,MOCK-SUPPLIER,MOCK-ING023,2026-09-16T07:00:00+09:00
669,23,2026-08-26,,상품,RETAIL,1kg,9168.0,9.1679,계약납품업체,경기,MOCK-SUPPLIER,MOCK-ING023,2026-09-16T07:00:00+09:00
670,23,2026-08-27,,상품,RETAIL,1kg,9150.0,9.1496,계약납품업체,경기,MOCK-SUPPLIER,MOCK-ING023,2026-09-16T07:00:00+09:00
671,23,2026-08-28,,상품,RETAIL,1kg,9123.0,9.1226,계약납품업체,경기,MOCK-SUPPLIER,MOCK-ING023,2026-09-16T07:00:00+09:00
672,23,2026-08-29,,상품,RETAIL,1kg,9090.0,9.0898,계약납품업체,경기,MOCK-SUPPLIER,MOCK-ING023,2026-09-16T07:00:00+09:00
673,23,2026-08-30,,상품,RETAIL,1kg,9055.0,9.0546,계약납품업체,경기,MOCK-SUPPLIER,MOCK-ING023,2026-09-16T07:00:00+09:00
674,23,2026-08-31,,상품,RETAIL,1kg,9020.0,9.0203,계약납품업체,경기,MOCK-SUPPLIER,MOCK-ING023,2026-09-16T07:00:00+09:00
675,23,2026-09-01,,상품,RETAIL,1kg,8990.0,8.9903,계약납품업체,경기,MOCK-SUPPLIER,MOCK-ING023,2026-09-16T07:00:00+09:00
676,23,2026-09-02,,상품,RETAIL,1kg,8967.0,8.9671,계약납품업체,경기,MOCK-SUPPLIER,MOCK-ING023,2026-09-16T07:00:00+09:00
677,23,2026-09-03,,상품,RETAIL,1kg,8953.0,8.9529,계약납품업체,경기,MOCK-SUPPLIER,MOCK-ING023,2026-09-16T07:00:00+09:00
678,23,2026-09-04,,상품,RETAIL,1kg,8949.0,8.9488,계약납품업체,경기,MOCK-SUPPLIER,MOCK-ING023,2026-09-16T07:00:00+09:00
679,23,2026-09-05,,상품,RETAIL,1kg,8955.0,8.9547,계약납품업체,경기,MOCK-SUPPLIER,MOCK-ING023,2026-09-16T07:00:00+09:00
680,23,2026-09-06,,상품,RETAIL,1kg,8970.0,8.9698,계약납품업체,경기,MOCK-SUPPLIER,MOCK-ING023,2026-09-16T07:00:00+09:00
681,23,2026-09-07,,상품,RETAIL,1kg,8992.0,8.9925,계약납품업체,경기,MOCK-SUPPLIER,MOCK-ING023,2026-09-16T07:00:00+09:00
682,23,2026-09-08,,상품,RETAIL,1kg,9020.0,9.0201,계약납품업체,경기,MOCK-SUPPLIER,MOCK-ING023,2026-09-16T07:00:00+09:00
683,23,2026-09-09,,상품,RETAIL,1kg,9050.0,9.0499,계약납품업체,경기,MOCK-SUPPLIER,MOCK-ING023,2026-09-16T07:00:00+09:00
684,23,2026-09-10,,상품,RETAIL,1kg,9079.0,9.0788,계약납품업체,경기,MOCK-SUPPLIER,MOCK-ING023,2026-09-16T07:00:00+09:00
685,23,2026-09-11,,상품,RETAIL,1kg,9104.0,9.1042,계약납품업체,경기,MOCK-SUPPLIER,MOCK-ING023,2026-09-16T07:00:00+09:00
686,23,2026-09-12,,상품,RETAIL,1kg,9124.0,9.1235,계약납품업체,경기,MOCK-SUPPLIER,MOCK-ING023,2026-09-16T07:00:00+09:00
687,23,2026-09-13,,상품,RETAIL,1kg,9135.0,9.1353,계약납품업체,경기,MOCK-SUPPLIER,MOCK-ING023,2026-09-16T07:00:00+09:00
688,23,2026-09-14,,상품,RETAIL,1kg,9139.0,9.1386,계약납품업체,경기,MOCK-SUPPLIER,MOCK-ING023,2026-09-16T07:00:00+09:00
689,23,2026-09-15,,상품,RETAIL,1kg,9134.0,9.1337,계약납품업체,경기,MOCK-SUPPLIER,MOCK-ING023,2026-09-16T07:00:00+09:00
690,23,2026-09-16,,상품,RETAIL,1kg,9122.0,9.1217,계약납품업체,경기,MOCK-SUPPLIER,MOCK-ING023,2026-09-16T07:00:00+09:00
691,24,2026-08-18,,상품,RETAIL,1kg,4510.0,4.5097,계약납품업체,경기,MOCK-SUPPLIER,MOCK-ING024,2026-09-16T07:00:00+09:00
692,24,2026-08-19,,상품,RETAIL,1kg,4531.0,4.5308,계약납품업체,경기,MOCK-SUPPLIER,MOCK-ING024,2026-09-16T07:00:00+09:00
693,24,2026-08-20,,상품,RETAIL,1kg,4549.0,4.5492,계약납품업체,경기,MOCK-SUPPLIER,MOCK-ING024,2026-09-16T07:00:00+09:00
694,24,2026-08-21,,상품,RETAIL,1kg,4564.0,4.5635,계약납품업체,경기,MOCK-SUPPLIER,MOCK-ING024,2026-09-16T07:00:00+09:00
695,24,2026-08-22,,상품,RETAIL,1kg,4572.0,4.5724,계약납품업체,경기,MOCK-SUPPLIER,MOCK-ING024,2026-09-16T07:00:00+09:00
696,24,2026-08-23,,상품,RETAIL,1kg,4576.0,4.5755,계약납품업체,경기,MOCK-SUPPLIER,MOCK-ING024,2026-09-16T07:00:00+09:00
697,24,2026-08-24,,상품,RETAIL,1kg,4573.0,4.5726,계약납품업체,경기,MOCK-SUPPLIER,MOCK-ING024,2026-09-16T07:00:00+09:00
698,24,2026-08-25,,상품,RETAIL,1kg,4564.0,4.564,계약납품업체,경기,MOCK-SUPPLIER,MOCK-ING024,2026-09-16T07:00:00+09:00
699,24,2026-08-26,,상품,RETAIL,1kg,4551.0,4.5509,계약납품업체,경기,MOCK-SUPPLIER,MOCK-ING024,2026-09-16T07:00:00+09:00
700,24,2026-08-27,,상품,RETAIL,1kg,4534.0,4.5344,계약납품업체,경기,MOCK-SUPPLIER,MOCK-ING024,2026-09-16T07:00:00+09:00
701,24,2026-08-28,,상품,RETAIL,1kg,4516.0,4.5161,계약납품업체,경기,MOCK-SUPPLIER,MOCK-ING024,2026-09-16T07:00:00+09:00
702,24,2026-08-29,,상품,RETAIL,1kg,4498.0,4.4977,계약납품업체,경기,MOCK-SUPPLIER,MOCK-ING024,2026-09-16T07:00:00+09:00
703,24,2026-08-30,,상품,RETAIL,1kg,4481.0,4.4808,계약납품업체,경기,MOCK-SUPPLIER,MOCK-ING024,2026-09-16T07:00:00+09:00
704,24,2026-08-31,,상품,RETAIL,1kg,4467.0,4.467,계약납품업체,경기,MOCK-SUPPLIER,MOCK-ING024,2026-09-16T07:00:00+09:00
705,24,2026-09-01,,상품,RETAIL,1kg,4457.0,4.4572,계약납품업체,경기,MOCK-SUPPLIER,MOCK-ING024,2026-09-16T07:00:00+09:00
706,24,2026-09-02,,상품,RETAIL,1kg,4452.0,4.4522,계약납품업체,경기,MOCK-SUPPLIER,MOCK-ING024,2026-09-16T07:00:00+09:00
707,24,2026-09-03,,상품,RETAIL,1kg,4452.0,4.4522,계약납품업체,경기,MOCK-SUPPLIER,MOCK-ING024,2026-09-16T07:00:00+09:00
708,24,2026-09-04,,상품,RETAIL,1kg,4457.0,4.4568,계약납품업체,경기,MOCK-SUPPLIER,MOCK-ING024,2026-09-16T07:00:00+09:00
709,24,2026-09-05,,상품,RETAIL,1kg,4465.0,4.4653,계약납품업체,경기,MOCK-SUPPLIER,MOCK-ING024,2026-09-16T07:00:00+09:00
710,24,2026-09-06,,상품,RETAIL,1kg,4476.0,4.4765,계약납품업체,경기,MOCK-SUPPLIER,MOCK-ING024,2026-09-16T07:00:00+09:00
711,24,2026-09-07,,상품,RETAIL,1kg,4489.0,4.4892,계약납품업체,경기,MOCK-SUPPLIER,MOCK-ING024,2026-09-16T07:00:00+09:00
712,24,2026-09-08,,상품,RETAIL,1kg,4502.0,4.5019,계약납품업체,경기,MOCK-SUPPLIER,MOCK-ING024,2026-09-16T07:00:00+09:00
713,24,2026-09-09,,상품,RETAIL,1kg,4513.0,4.513,계약납품업체,경기,MOCK-SUPPLIER,MOCK-ING024,2026-09-16T07:00:00+09:00
714,24,2026-09-10,,상품,RETAIL,1kg,4521.0,4.5214,계약납품업체,경기,MOCK-SUPPLIER,MOCK-ING024,2026-09-16T07:00:00+09:00
715,24,2026-09-11,,상품,RETAIL,1kg,4526.0,4.5262,계약납품업체,경기,MOCK-SUPPLIER,MOCK-ING024,2026-09-16T07:00:00+09:00
716,24,2026-09-12,,상품,RETAIL,1kg,4527.0,4.5269,계약납품업체,경기,MOCK-SUPPLIER,MOCK-ING024,2026-09-16T07:00:00+09:00
717,24,2026-09-13,,상품,RETAIL,1kg,4523.0,4.5234,계약납품업체,경기,MOCK-SUPPLIER,MOCK-ING024,2026-09-16T07:00:00+09:00
718,24,2026-09-14,,상품,RETAIL,1kg,4516.0,4.5162,계약납품업체,경기,MOCK-SUPPLIER,MOCK-ING024,2026-09-16T07:00:00+09:00
719,24,2026-09-15,,상품,RETAIL,1kg,4506.0,4.5061,계약납품업체,경기,MOCK-SUPPLIER,MOCK-ING024,2026-09-16T07:00:00+09:00
720,24,2026-09-16,,상품,RETAIL,1kg,4494.0,4.4943,계약납품업체,경기,MOCK-SUPPLIER,MOCK-ING024,2026-09-16T07:00:00+09:00
721,25,2026-08-18,,상품,RETAIL,500g,10090.0,20.1799,계약납품업체,경기,MOCK-SUPPLIER,MOCK-ING025,2026-09-16T07:00:00+09:00
722,25,2026-08-19,,상품,RETAIL,500g,10132.0,20.2644,계약납품업체,경기,MOCK-SUPPLIER,MOCK-ING025,2026-09-16T07:00:00+09:00
723,25,2026-08-20,,상품,RETAIL,500g,10164.0,20.3272,계약납품업체,경기,MOCK-SUPPLIER,MOCK-ING025,2026-09-16T07:00:00+09:00
724,25,2026-08-21,,상품,RETAIL,500g,10182.0,20.3648,계약납품업체,경기,MOCK-SUPPLIER,MOCK-ING025,2026-09-16T07:00:00+09:00
725,25,2026-08-22,,상품,RETAIL,500g,10188.0,20.376,계약납품업체,경기,MOCK-SUPPLIER,MOCK-ING025,2026-09-16T07:00:00+09:00
726,25,2026-08-23,,상품,RETAIL,500g,10181.0,20.362,계약납품업체,경기,MOCK-SUPPLIER,MOCK-ING025,2026-09-16T07:00:00+09:00
727,25,2026-08-24,,상품,RETAIL,500g,10163.0,20.326,계약납품업체,경기,MOCK-SUPPLIER,MOCK-ING025,2026-09-16T07:00:00+09:00
728,25,2026-08-25,,상품,RETAIL,500g,10137.0,20.2734,계약납품업체,경기,MOCK-SUPPLIER,MOCK-ING025,2026-09-16T07:00:00+09:00
729,25,2026-08-26,,상품,RETAIL,500g,10105.0,20.2107,계약납품업체,경기,MOCK-SUPPLIER,MOCK-ING025,2026-09-16T07:00:00+09:00
730,25,2026-08-27,,상품,RETAIL,500g,10073.0,20.1451,계약납품업체,경기,MOCK-SUPPLIER,MOCK-ING025,2026-09-16T07:00:00+09:00
731,25,2026-08-28,,상품,RETAIL,500g,10042.0,20.084,계약납품업체,경기,MOCK-SUPPLIER,MOCK-ING025,2026-09-16T07:00:00+09:00
732,25,2026-08-29,,상품,RETAIL,500g,10017.0,20.0341,계약납품업체,경기,MOCK-SUPPLIER,MOCK-ING025,2026-09-16T07:00:00+09:00
733,25,2026-08-30,,상품,RETAIL,500g,10000.0,20.0005,계약납품업체,경기,MOCK-SUPPLIER,MOCK-ING025,2026-09-16T07:00:00+09:00
734,25,2026-08-31,,상품,RETAIL,500g,9993.0,19.9869,계약납품업체,경기,MOCK-SUPPLIER,MOCK-ING025,2026-09-16T07:00:00+09:00
735,25,2026-09-01,,상품,RETAIL,500g,9997.0,19.9947,계약납품업체,경기,MOCK-SUPPLIER,MOCK-ING025,2026-09-16T07:00:00+09:00
736,25,2026-09-02,,상품,RETAIL,500g,10012.0,20.0231,계약납품업체,경기,MOCK-SUPPLIER,MOCK-ING025,2026-09-16T07:00:00+09:00
737,25,2026-09-03,,상품,RETAIL,500g,10035.0,20.0694,계약납품업체,경기,MOCK-SUPPLIER,MOCK-ING025,2026-09-16T07:00:00+09:00
738,25,2026-09-04,,상품,RETAIL,500g,10065.0,20.1291,계약납품업체,경기,MOCK-SUPPLIER,MOCK-ING025,2026-09-16T07:00:00+09:00
739,25,2026-09-05,,상품,RETAIL,500g,10098.0,20.1964,계약납품업체,경기,MOCK-SUPPLIER,MOCK-ING025,2026-09-16T07:00:00+09:00
740,25,2026-09-06,,상품,RETAIL,500g,10132.0,20.2648,계약납품업체,경기,MOCK-SUPPLIER,MOCK-ING025,2026-09-16T07:00:00+09:00
741,25,2026-09-07,,상품,RETAIL,500g,10164.0,20.3281,계약납품업체,경기,MOCK-SUPPLIER,MOCK-ING025,2026-09-16T07:00:00+09:00
742,25,2026-09-08,,상품,RETAIL,500g,10190.0,20.3806,계약납품업체,경기,MOCK-SUPPLIER,MOCK-ING025,2026-09-16T07:00:00+09:00
743,25,2026-09-09,,상품,RETAIL,500g,10209.0,20.4177,계약납품업체,경기,MOCK-SUPPLIER,MOCK-ING025,2026-09-16T07:00:00+09:00
744,25,2026-09-10,,상품,RETAIL,500g,10218.0,20.437,계약납품업체,경기,MOCK-SUPPLIER,MOCK-ING025,2026-09-16T07:00:00+09:00
745,25,2026-09-11,,상품,RETAIL,500g,10219.0,20.4376,계약납품업체,경기,MOCK-SUPPLIER,MOCK-ING025,2026-09-16T07:00:00+09:00
746,25,2026-09-12,,상품,RETAIL,500g,10210.0,20.421,계약납품업체,경기,MOCK-SUPPLIER,MOCK-ING025,2026-09-16T07:00:00+09:00
747,25,2026-09-13,,상품,RETAIL,500g,10195.0,20.3904,계약납품업체,경기,MOCK-SUPPLIER,MOCK-ING025,2026-09-16T07:00:00+09:00
748,25,2026-09-14,,상품,RETAIL,500g,10175.0,20.3509,계약납품업체,경기,MOCK-SUPPLIER,MOCK-ING025,2026-09-16T07:00:00+09:00
749,25,2026-09-15,,상품,RETAIL,500g,10154.0,20.3085,계약납품업체,경기,MOCK-SUPPLIER,MOCK-ING025,2026-09-16T07:00:00+09:00
750,25,2026-09-16,,상품,RETAIL,500g,10135.0,20.2696,계약납품업체,경기,MOCK-SUPPLIER,MOCK-ING025,2026-09-16T07:00:00+09:00
751,26,2026-08-18,,상품,RETAIL,18L,76630.0,4.2572,계약납품업체,경기,MOCK-SUPPLIER,MOCK-ING026,2026-09-16T07:00:00+09:00
752,26,2026-08-19,,상품,RETAIL,18L,76783.0,4.2657,계약납품업체,경기,MOCK-SUPPLIER,MOCK-ING026,2026-09-16T07:00:00+09:00
753,26,2026-08-20,,상품,RETAIL,18L,76837.0,4.2687,계약납품업체,경기,MOCK-SUPPLIER,MOCK-ING026,2026-09-16T07:00:00+09:00
754,26,2026-08-21,,상품,RETAIL,18L,76795.0,4.2664,계약납품업체,경기,MOCK-SUPPLIER,MOCK-ING026,2026-09-16T07:00:00+09:00
755,26,2026-08-22,,상품,RETAIL,18L,76667.0,4.2593,계약납품업체,경기,MOCK-SUPPLIER,MOCK-ING026,2026-09-16T07:00:00+09:00
756,26,2026-08-23,,상품,RETAIL,18L,76471.0,4.2484,계약납품업체,경기,MOCK-SUPPLIER,MOCK-ING026,2026-09-16T07:00:00+09:00
757,26,2026-08-24,,상품,RETAIL,18L,76228.0,4.2349,계약납품업체,경기,MOCK-SUPPLIER,MOCK-ING026,2026-09-16T07:00:00+09:00
758,26,2026-08-25,,상품,RETAIL,18L,75967.0,4.2204,계약납품업체,경기,MOCK-SUPPLIER,MOCK-ING026,2026-09-16T07:00:00+09:00
759,26,2026-08-26,,상품,RETAIL,18L,75713.0,4.2063,계약납품업체,경기,MOCK-SUPPLIER,MOCK-ING026,2026-09-16T07:00:00+09:00
760,26,2026-08-27,,상품,RETAIL,18L,75494.0,4.1941,계약납품업체,경기,MOCK-SUPPLIER,MOCK-ING026,2026-09-16T07:00:00+09:00
761,26,2026-08-28,,상품,RETAIL,18L,75330.0,4.185,계약납품업체,경기,MOCK-SUPPLIER,MOCK-ING026,2026-09-16T07:00:00+09:00
762,26,2026-08-29,,상품,RETAIL,18L,75236.0,4.1798,계약납품업체,경기,MOCK-SUPPLIER,MOCK-ING026,2026-09-16T07:00:00+09:00
763,26,2026-08-30,,상품,RETAIL,18L,75220.0,4.1789,계약납품업체,경기,MOCK-SUPPLIER,MOCK-ING026,2026-09-16T07:00:00+09:00
764,26,2026-08-31,,상품,RETAIL,18L,75281.0,4.1823,계약납품업체,경기,MOCK-SUPPLIER,MOCK-ING026,2026-09-16T07:00:00+09:00
765,26,2026-09-01,,상품,RETAIL,18L,75413.0,4.1896,계약납품업체,경기,MOCK-SUPPLIER,MOCK-ING026,2026-09-16T07:00:00+09:00
766,26,2026-09-02,,상품,RETAIL,18L,75596.0,4.1998,계약납품업체,경기,MOCK-SUPPLIER,MOCK-ING026,2026-09-16T07:00:00+09:00
767,26,2026-09-03,,상품,RETAIL,18L,75814.0,4.2119,계약납품업체,경기,MOCK-SUPPLIER,MOCK-ING026,2026-09-16T07:00:00+09:00
768,26,2026-09-04,,상품,RETAIL,18L,76043.0,4.2246,계약납품업체,경기,MOCK-SUPPLIER,MOCK-ING026,2026-09-16T07:00:00+09:00
769,26,2026-09-05,,상품,RETAIL,18L,76255.0,4.2364,계약납품업체,경기,MOCK-SUPPLIER,MOCK-ING026,2026-09-16T07:00:00+09:00
770,26,2026-09-06,,상품,RETAIL,18L,76432.0,4.2462,계약납품업체,경기,MOCK-SUPPLIER,MOCK-ING026,2026-09-16T07:00:00+09:00
771,26,2026-09-07,,상품,RETAIL,18L,76554.0,4.253,계약납품업체,경기,MOCK-SUPPLIER,MOCK-ING026,2026-09-16T07:00:00+09:00
772,26,2026-09-08,,상품,RETAIL,18L,76610.0,4.2561,계약납품업체,경기,MOCK-SUPPLIER,MOCK-ING026,2026-09-16T07:00:00+09:00
773,26,2026-09-09,,상품,RETAIL,18L,76595.0,4.2553,계약납품업체,경기,MOCK-SUPPLIER,MOCK-ING026,2026-09-16T07:00:00+09:00
774,26,2026-09-10,,상품,RETAIL,18L,76513.0,4.2507,계약납품업체,경기,MOCK-SUPPLIER,MOCK-ING026,2026-09-16T07:00:00+09:00
775,26,2026-09-11,,상품,RETAIL,18L,76374.0,4.243,계약납품업체,경기,MOCK-SUPPLIER,MOCK-ING026,2026-09-16T07:00:00+09:00
776,26,2026-09-12,,상품,RETAIL,18L,76196.0,4.2331,계약납품업체,경기,MOCK-SUPPLIER,MOCK-ING026,2026-09-16T07:00:00+09:00
777,26,2026-09-13,,상품,RETAIL,18L,76001.0,4.2223,계약납품업체,경기,MOCK-SUPPLIER,MOCK-ING026,2026-09-16T07:00:00+09:00
778,26,2026-09-14,,상품,RETAIL,18L,75814.0,4.2119,계약납품업체,경기,MOCK-SUPPLIER,MOCK-ING026,2026-09-16T07:00:00+09:00
779,26,2026-09-15,,상품,RETAIL,18L,75659.0,4.2033,계약납품업체,경기,MOCK-SUPPLIER,MOCK-ING026,2026-09-16T07:00:00+09:00
780,26,2026-09-16,,상품,RETAIL,18L,75559.0,4.1977,계약납품업체,경기,MOCK-SUPPLIER,MOCK-ING026,2026-09-16T07:00:00+09:00
781,27,2026-08-18,,상품,WHOLESALE,1kg,16241.0,16.2407,수산도매시장,인천,MOCK-FISHERY,MOCK-ING027,2026-09-16T07:00:00+09:00
782,27,2026-08-19,,상품,WHOLESALE,1kg,16240.0,16.2396,수산도매시장,인천,MOCK-FISHERY,MOCK-ING027,2026-09-16T07:00:00+09:00
783,27,2026-08-20,,상품,WHOLESALE,1kg,16220.0,16.2198,수산도매시장,인천,MOCK-FISHERY,MOCK-ING027,2026-09-16T07:00:00+09:00
784,27,2026-08-21,,상품,WHOLESALE,1kg,16184.0,16.1844,수산도매시장,인천,MOCK-FISHERY,MOCK-ING027,2026-09-16T07:00:00+09:00
785,27,2026-08-22,,상품,WHOLESALE,1kg,16138.0,16.1379,수산도매시장,인천,MOCK-FISHERY,MOCK-ING027,2026-09-16T07:00:00+09:00
786,27,2026-08-23,,상품,WHOLESALE,1kg,16086.0,16.0858,수산도매시장,인천,MOCK-FISHERY,MOCK-ING027,2026-09-16T07:00:00+09:00
787,27,2026-08-24,,상품,WHOLESALE,1kg,16034.0,16.0336,수산도매시장,인천,MOCK-FISHERY,MOCK-ING027,2026-09-16T07:00:00+09:00
788,27,2026-08-25,,상품,WHOLESALE,1kg,15987.0,15.9868,수산도매시장,인천,MOCK-FISHERY,MOCK-ING027,2026-09-16T07:00:00+09:00
789,27,2026-08-26,,상품,WHOLESALE,1kg,15950.0,15.9503,수산도매시장,인천,MOCK-FISHERY,MOCK-ING027,2026-09-16T07:00:00+09:00
790,27,2026-08-27,,상품,WHOLESALE,1kg,15928.0,15.9276,수산도매시장,인천,MOCK-FISHERY,MOCK-ING027,2026-09-16T07:00:00+09:00
791,27,2026-08-28,,상품,WHOLESALE,1kg,15921.0,15.9208,수산도매시장,인천,MOCK-FISHERY,MOCK-ING027,2026-09-16T07:00:00+09:00
792,27,2026-08-29,,상품,WHOLESALE,1kg,15930.0,15.9301,수산도매시장,인천,MOCK-FISHERY,MOCK-ING027,2026-09-16T07:00:00+09:00
793,27,2026-08-30,,상품,WHOLESALE,1kg,15954.0,15.9542,수산도매시장,인천,MOCK-FISHERY,MOCK-ING027,2026-09-16T07:00:00+09:00
794,27,2026-08-31,,상품,WHOLESALE,1kg,15990.0,15.9904,수산도매시장,인천,MOCK-FISHERY,MOCK-ING027,2026-09-16T07:00:00+09:00
795,27,2026-09-01,,상품,WHOLESALE,1kg,16035.0,16.0345,수산도매시장,인천,MOCK-FISHERY,MOCK-ING027,2026-09-16T07:00:00+09:00
796,27,2026-09-02,,상품,WHOLESALE,1kg,16082.0,16.0817,수산도매시장,인천,MOCK-FISHERY,MOCK-ING027,2026-09-16T07:00:00+09:00
797,27,2026-09-03,,상품,WHOLESALE,1kg,16127.0,16.1269,수산도매시장,인천,MOCK-FISHERY,MOCK-ING027,2026-09-16T07:00:00+09:00
798,27,2026-09-04,,상품,WHOLESALE,1kg,16165.0,16.1654,수산도매시장,인천,MOCK-FISHERY,MOCK-ING027,2026-09-16T07:00:00+09:00
799,27,2026-09-05,,상품,WHOLESALE,1kg,16193.0,16.1929,수산도매시장,인천,MOCK-FISHERY,MOCK-ING027,2026-09-16T07:00:00+09:00
800,27,2026-09-06,,상품,WHOLESALE,1kg,16207.0,16.2067,수산도매시장,인천,MOCK-FISHERY,MOCK-ING027,2026-09-16T07:00:00+09:00
801,27,2026-09-07,,상품,WHOLESALE,1kg,16206.0,16.2056,수산도매시장,인천,MOCK-FISHERY,MOCK-ING027,2026-09-16T07:00:00+09:00
802,27,2026-09-08,,상품,WHOLESALE,1kg,16190.0,16.1896,수산도매시장,인천,MOCK-FISHERY,MOCK-ING027,2026-09-16T07:00:00+09:00
803,27,2026-09-09,,상품,WHOLESALE,1kg,16161.0,16.161,수산도매시장,인천,MOCK-FISHERY,MOCK-ING027,2026-09-16T07:00:00+09:00
804,27,2026-09-10,,상품,WHOLESALE,1kg,16123.0,16.1229,수산도매시장,인천,MOCK-FISHERY,MOCK-ING027,2026-09-16T07:00:00+09:00
805,27,2026-09-11,,상품,WHOLESALE,1kg,16080.0,16.0801,수산도매시장,인천,MOCK-FISHERY,MOCK-ING027,2026-09-16T07:00:00+09:00
806,27,2026-09-12,,상품,WHOLESALE,1kg,16038.0,16.0375,수산도매시장,인천,MOCK-FISHERY,MOCK-ING027,2026-09-16T07:00:00+09:00
807,27,2026-09-13,,상품,WHOLESALE,1kg,16001.0,16.0007,수산도매시장,인천,MOCK-FISHERY,MOCK-ING027,2026-09-16T07:00:00+09:00
808,27,2026-09-14,,상품,WHOLESALE,1kg,15974.0,15.9745,수산도매시장,인천,MOCK-FISHERY,MOCK-ING027,2026-09-16T07:00:00+09:00
809,27,2026-09-15,,상품,WHOLESALE,1kg,15963.0,15.963,수산도매시장,인천,MOCK-FISHERY,MOCK-ING027,2026-09-16T07:00:00+09:00
810,27,2026-09-16,,상품,WHOLESALE,1kg,15969.0,15.9689,수산도매시장,인천,MOCK-FISHERY,MOCK-ING027,2026-09-16T07:00:00+09:00
811,28,2026-08-18,,상품,WHOLESALE,1kg,6889.0,6.889,가상도매시장,서울,MOCK-KAMIS,MOCK-ING028,2026-09-16T07:00:00+09:00
812,28,2026-08-19,,상품,WHOLESALE,1kg,6886.0,6.886,가상도매시장,서울,MOCK-KAMIS,MOCK-ING028,2026-09-16T07:00:00+09:00
813,28,2026-08-20,,상품,WHOLESALE,1kg,6878.0,6.8779,가상도매시장,서울,MOCK-KAMIS,MOCK-ING028,2026-09-16T07:00:00+09:00
814,28,2026-08-21,,상품,WHOLESALE,1kg,6867.0,6.8666,가상도매시장,서울,MOCK-KAMIS,MOCK-ING028,2026-09-16T07:00:00+09:00
815,28,2026-08-22,,상품,WHOLESALE,1kg,6855.0,6.8546,가상도매시장,서울,MOCK-KAMIS,MOCK-ING028,2026-09-16T07:00:00+09:00
816,28,2026-08-23,,상품,WHOLESALE,1kg,6844.0,6.8443,가상도매시장,서울,MOCK-KAMIS,MOCK-ING028,2026-09-16T07:00:00+09:00
817,28,2026-08-24,,상품,WHOLESALE,1kg,6838.0,6.8377,가상도매시장,서울,MOCK-KAMIS,MOCK-ING028,2026-09-16T07:00:00+09:00
818,28,2026-08-25,,상품,WHOLESALE,1kg,6836.0,6.8365,가상도매시장,서울,MOCK-KAMIS,MOCK-ING028,2026-09-16T07:00:00+09:00
819,28,2026-08-26,,상품,WHOLESALE,1kg,6842.0,6.8417,가상도매시장,서울,MOCK-KAMIS,MOCK-ING028,2026-09-16T07:00:00+09:00
820,28,2026-08-27,,상품,WHOLESALE,1kg,6854.0,6.8536,가상도매시장,서울,MOCK-KAMIS,MOCK-ING028,2026-09-16T07:00:00+09:00
821,28,2026-08-28,,상품,WHOLESALE,1kg,6872.0,6.872,가상도매시장,서울,MOCK-KAMIS,MOCK-ING028,2026-09-16T07:00:00+09:00
822,28,2026-08-29,,상품,WHOLESALE,1kg,6896.0,6.8956,가상도매시장,서울,MOCK-KAMIS,MOCK-ING028,2026-09-16T07:00:00+09:00
823,28,2026-08-30,,상품,WHOLESALE,1kg,6923.0,6.923,가상도매시장,서울,MOCK-KAMIS,MOCK-ING028,2026-09-16T07:00:00+09:00
824,28,2026-08-31,,상품,WHOLESALE,1kg,6952.0,6.9521,가상도매시장,서울,MOCK-KAMIS,MOCK-ING028,2026-09-16T07:00:00+09:00
825,28,2026-09-01,,상품,WHOLESALE,1kg,6981.0,6.9808,가상도매시장,서울,MOCK-KAMIS,MOCK-ING028,2026-09-16T07:00:00+09:00
826,28,2026-09-02,,상품,WHOLESALE,1kg,7007.0,7.007,가상도매시장,서울,MOCK-KAMIS,MOCK-ING028,2026-09-16T07:00:00+09:00
827,28,2026-09-03,,상품,WHOLESALE,1kg,7029.0,7.0288,가상도매시장,서울,MOCK-KAMIS,MOCK-ING028,2026-09-16T07:00:00+09:00
828,28,2026-09-04,,상품,WHOLESALE,1kg,7045.0,7.0451,가상도매시장,서울,MOCK-KAMIS,MOCK-ING028,2026-09-16T07:00:00+09:00
829,28,2026-09-05,,상품,WHOLESALE,1kg,7055.0,7.0549,가상도매시장,서울,MOCK-KAMIS,MOCK-ING028,2026-09-16T07:00:00+09:00
830,28,2026-09-06,,상품,WHOLESALE,1kg,7058.0,7.0583,가상도매시장,서울,MOCK-KAMIS,MOCK-ING028,2026-09-16T07:00:00+09:00
831,28,2026-09-07,,상품,WHOLESALE,1kg,7056.0,7.0559,가상도매시장,서울,MOCK-KAMIS,MOCK-ING028,2026-09-16T07:00:00+09:00
832,28,2026-09-08,,상품,WHOLESALE,1kg,7049.0,7.049,가상도매시장,서울,MOCK-KAMIS,MOCK-ING028,2026-09-16T07:00:00+09:00
833,28,2026-09-09,,상품,WHOLESALE,1kg,7040.0,7.0395,가상도매시장,서울,MOCK-KAMIS,MOCK-ING028,2026-09-16T07:00:00+09:00
834,28,2026-09-10,,상품,WHOLESALE,1kg,7030.0,7.0296,가상도매시장,서울,MOCK-KAMIS,MOCK-ING028,2026-09-16T07:00:00+09:00
835,28,2026-09-11,,상품,WHOLESALE,1kg,7022.0,7.0216,가상도매시장,서울,MOCK-KAMIS,MOCK-ING028,2026-09-16T07:00:00+09:00
836,28,2026-09-12,,상품,WHOLESALE,1kg,7018.0,7.0176,가상도매시장,서울,MOCK-KAMIS,MOCK-ING028,2026-09-16T07:00:00+09:00
837,28,2026-09-13,,상품,WHOLESALE,1kg,7020.0,7.0196,가상도매시장,서울,MOCK-KAMIS,MOCK-ING028,2026-09-16T07:00:00+09:00
838,28,2026-09-14,,상품,WHOLESALE,1kg,7029.0,7.0289,가상도매시장,서울,MOCK-KAMIS,MOCK-ING028,2026-09-16T07:00:00+09:00
839,28,2026-09-15,,상품,WHOLESALE,1kg,7046.0,7.0462,가상도매시장,서울,MOCK-KAMIS,MOCK-ING028,2026-09-16T07:00:00+09:00
840,28,2026-09-16,,상품,WHOLESALE,1kg,7071.0,7.0714,가상도매시장,서울,MOCK-KAMIS,MOCK-ING028,2026-09-16T07:00:00+09:00
