plan_item_id,plan_id,slot_type,menu_id,display_order,created_at,updated_at
1,1,RICE,2,1,2026-09-16T07:00:00+09:00,2026-09-16T07:00:00+09:00
2,1,SOUP,4,2,2026-09-16T07:00:00+09:00,2026-09-16T07:00:00+09:00
3,1,MAIN,9,3,2026-09-16T07:00:00+09:00,2026-09-16T07:00:00+09:00
4,1,SIDE,18,4,2026-09-16T07:00:00+09:00,2026-09-16T07:00:00+09:00
5,1,SIDE,24,5,2026-09-16T07:00:00+09:00,2026-09-16T07:00:00+09:00
6,2,RICE,2,1,2026-09-16T07:00:00+09:00,2026-09-16T07:00:00+09:00
7,2,SOUP,8,2,2026-09-16T07:00:00+09:00,2026-09-16T07:00:00+09:00
8,2,MAIN,12,3,2026-09-16T07:00:00+09:00,2026-09-16T07:00:00+09:00
9,2,SIDE,20,4,2026-09-16T07:00:00+09:00,2026-09-16T07:00:00+09:00
10,2,SIDE,25,5,2026-09-16T07:00:00+09:00,2026-09-16T07:00:00+09:00
11,3,RICE,2,1,2026-09-16T07:00:00+09:00,2026-09-16T07:00:00+09:00
12,3,SOUP,5,2,2026-09-16T07:00:00+09:00,2026-09-16T07:00:00+09:00
13,3,MAIN,10,3,2026-09-16T07:00:00+09:00,2026-09-16T07:00:00+09:00
14,3,SIDE,17,4,2026-09-16T07:00:00+09:00,2026-09-16T07:00:00+09:00
15,3,SIDE,24,5,2026-09-16T07:00:00+09:00,2026-09-16T07:00:00+09:00
16,4,RICE,2,1,2026-09-16T07:00:00+09:00,2026-09-16T07:00:00+09:00
17,4,SOUP,7,2,2026-09-16T07:00:00+09:00,2026-09-16T07:00:00+09:00
18,4,MAIN,14,3,2026-09-16T07:00:00+09:00,2026-09-16T07:00:00+09:00
19,4,SIDE,21,4,2026-09-16T07:00:00+09:00,2026-09-16T07:00:00+09:00
20,4,SIDE,24,5,2026-09-16T07:00:00+09:00,2026-09-16T07:00:00+09:00
21,5,RICE,3,1,2026-09-16T07:00:00+09:00,2026-09-16T07:00:00+09:00
22,5,SOUP,7,2,2026-09-16T07:00:00+09:00,2026-09-16T07:00:00+09:00
23,5,MAIN,9,3,2026-09-16T07:00:00+09:00,2026-09-16T07:00:00+09:00
24,5,SIDE,21,4,2026-09-16T07:00:00+09:00,2026-09-16T07:00:00+09:00
25,5,SIDE,25,5,2026-09-16T07:00:00+09:00,2026-09-16T07:00:00+09:00
26,6,RICE,3,1,2026-09-16T07:00:00+09:00,2026-09-16T07:00:00+09:00
27,6,SOUP,4,2,2026-09-16T07:00:00+09:00,2026-09-16T07:00:00+09:00
28,6,MAIN,15,3,2026-09-16T07:00:00+09:00,2026-09-16T07:00:00+09:00
29,6,SIDE,18,4,2026-09-16T07:00:00+09:00,2026-09-16T07:00:00+09:00
30,6,SIDE,25,5,2026-09-16T07:00:00+09:00,2026-09-16T07:00:00+09:00
31,7,RICE,2,1,2026-09-16T07:00:00+09:00,2026-09-16T07:00:00+09:00
32,7,SOUP,8,2,2026-09-16T07:00:00+09:00,2026-09-16T07:00:00+09:00
33,7,MAIN,13,3,2026-09-16T07:00:00+09:00,2026-09-16T07:00:00+09:00
34,7,SIDE,19,4,2026-09-16T07:00:00+09:00,2026-09-16T07:00:00+09:00
35,7,SIDE,24,5,2026-09-16T07:00:00+09:00,2026-09-16T07:00:00+09:00
36,8,RICE,2,1,2026-09-16T07:00:00+09:00,2026-09-16T07:00:00+09:00
37,8,SOUP,5,2,2026-09-16T07:00:00+09:00,2026-09-16T07:00:00+09:00
38,8,MAIN,16,3,2026-09-16T07:00:00+09:00,2026-09-16T07:00:00+09:00
39,8,SIDE,22,4,2026-09-16T07:00:00+09:00,2026-09-16T07:00:00+09:00
40,8,SIDE,24,5,2026-09-16T07:00:00+09:00,2026-09-16T07:00:00+09:00
41,9,RICE,2,1,2026-09-16T07:00:00+09:00,2026-09-16T07:00:00+09:00
42,9,SOUP,4,2,2026-09-16T07:00:00+09:00,2026-09-16T07:00:00+09:00
43,9,MAIN,10,3,2026-09-16T07:00:00+09:00,2026-09-16T07:00:00+09:00
44,9,SIDE,20,4,2026-09-16T07:00:00+09:00,2026-09-16T07:00:00+09:00
45,9,SIDE,25,5,2026-09-16T07:00:00+09:00,2026-09-16T07:00:00+09:00
46,10,RICE,2,1,2026-09-16T07:00:00+09:00,2026-09-16T07:00:00+09:00
47,10,SOUP,8,2,2026-09-16T07:00:00+09:00,2026-09-16T07:00:00+09:00
48,10,MAIN,13,3,2026-09-16T07:00:00+09:00,2026-09-16T07:00:00+09:00
49,10,SIDE,17,4,2026-09-16T07:00:00+09:00,2026-09-16T07:00:00+09:00
50,10,SIDE,25,5,2026-09-16T07:00:00+09:00,2026-09-16T07:00:00+09:00
51,11,RICE,3,1,2026-09-16T07:00:00+09:00,2026-09-16T07:00:00+09:00
52,11,SOUP,5,2,2026-09-16T07:00:00+09:00,2026-09-16T07:00:00+09:00
53,11,MAIN,11,3,2026-09-16T07:00:00+09:00,2026-09-16T07:00:00+09:00
54,11,SIDE,22,4,2026-09-16T07:00:00+09:00,2026-09-16T07:00:00+09:00
55,11,SIDE,24,5,2026-09-16T07:00:00+09:00,2026-09-16T07:00:00+09:00
56,12,RICE,3,1,2026-09-16T07:00:00+09:00,2026-09-16T07:00:00+09:00
57,12,SOUP,7,2,2026-09-16T07:00:00+09:00,2026-09-16T07:00:00+09:00
58,12,MAIN,11,3,2026-09-16T07:00:00+09:00,2026-09-16T07:00:00+09:00
59,12,SIDE,19,4,2026-09-16T07:00:00+09:00,2026-09-16T07:00:00+09:00
60,12,SIDE,24,5,2026-09-16T07:00:00+09:00,2026-09-16T07:00:00+09:00
61,13,RICE,2,1,2026-09-16T07:00:00+09:00,2026-09-16T07:00:00+09:00
62,13,SOUP,6,2,2026-09-16T07:00:00+09:00,2026-09-16T07:00:00+09:00
63,13,MAIN,15,3,2026-09-16T07:00:00+09:00,2026-09-16T07:00:00+09:00
64,13,SIDE,17,4,2026-09-16T07:00:00+09:00,2026-09-16T07:00:00+09:00
65,13,SIDE,25,5,2026-09-16T07:00:00+09:00,2026-09-16T07:00:00+09:00
66,14,RICE,2,1,2026-09-16T07:00:00+09:00,2026-09-16T07:00:00+09:00
67,14,SOUP,4,2,2026-09-16T07:00:00+09:00,2026-09-16T07:00:00+09:00
68,14,MAIN,14,3,2026-09-16T07:00:00+09:00,2026-09-16T07:00:00+09:00
69,14,SIDE,20,4,2026-09-16T07:00:00+09:00,2026-09-16T07:00:00+09:00
70,14,SIDE,25,5,2026-09-16T07:00:00+09:00,2026-09-16T07:00:00+09:00
